no,lei_mfi_code_for_branches,type,banks,ground_for_significance,scope_1_ghg_emissions,scope_2_ghg_emissions,scope_3_ghg_emissions,emission_reduction_policy,renewable_energy_share,community_investment,diversity_women_representation,health_safety,board_strategy_esg_oversight,sustainable_finance_green_financing,total_revenue,reporting_quality
1,54930056IRBXK0Q1FP96,CI,"ABANCA Corporación Bancaria, S.A.",Size (Total assets EUR 50-75 bn),"1,004.36 t CO₂e",0.00 t CO₂e,"2,592.07 t CO₂e",Qualitative: Very Good,100 percent,€17.7 million,51.3 % (Total Staff); 33.3 % (Board),Qualitative: Very Good,Qualitative: Very Good,"€1,078 million","€1,572 million",Qualitative: Very Good
2,BFXS5XCH7N0Y05NIXW11,CI,ABN AMRO Bank N.V.,Size (Total assets EUR 300-500 bn),30 kton CO₂e,,"4,940 kton CO₂e",Qualitative,,€ 500 million,,Qualitative,Qualitative,€ 500 million,€8.78 billion,Qualitative
3,529900UKZBMDBDZIXD62,CI,Addiko Bank AG   ,Significant cross-border activities,835 tCO₂eq,"2,858 tCO₂eq","582,349 tCO₂eq","Documented initiatives: Car fleet replacement with EVs, office space optimization, and transition to renewable energy.",28% (Group level); 100% (Vienna headquarters),"Qualitative: Volunteering programs, donations, fundraising, grants, and sponsorships.",56.6% (Executive and middle management),Documented: High compliance with legal standards; 9 recordable accidents; 0 fatalities.,Documented: Integrated governance with MB and SB oversight; dedicated ESG Working Group.,18 Green partnerships enabled.,€276.6 million,Documented: ESRS-aligned on a voluntary basis; No external assurance.
4,635400AKJBGNS5WNQL34,FH,AIB Group plc,Size (Total assets EUR 100-150 bn),"2,670 t CO₂e","4,909 t CO₂e (Location-based) / 480 t CO₂e (Market-based)","2,200,000 t CO₂e (Category 15: Financed Emissions)",Very Good (Qualitative assessment),60% (Approx. share of total energy consumption),€10.8m,40% (Board) / 42% (ExCo) / 42% (All Management),Very Good (Qualitative assessment),Very Good (Qualitative assessment),€3.7bn (New green lending in 2023),"€4,722m",Very Good (Qualitative assessment)
5,213800HDJ876ACJXXD05,FH,AikGroup (CY) Limited,"Among the three largest credit institutions in
the Member State",t CO₂e,t CO₂e,"3,348,760 t CO₂e",Very Good,%,€ or local currency,,,Very Good,,422192000,Very Good
6,213800DBQIB6VBNU5C64,CI,ALPHA BANK S.A.,Size (Total assets EUR 50-75 bn),"1,473 tCO₂e","18,419 tCO₂e","35,102,566 tCO₂e",Very Good,0.89,€2.443 million,0.385,Very Good,Very Good,€800 million,€2.29 billion,Very Good
7,549300YW95G1VBBGGV07,CI,"AS ""SEB banka""",Among the three largest credit institutions in,495 t CO₂e,196 t CO₂e,167 t CO₂e (Cat 1–14); 28.4 million t CO₂e (Cat 15),Very Good,0.87,"€118,000 (Grants); €700,000+ (Scholarships)",36% (Board); 45% (Top Senior Management),Very Good,Very Good,"€1,183 million",EUR 246 million,Very Good
8,2138009Y59EAR7H1UO97,CI,AS “Citadele banka”,Among the three largest credit institutions in,82.4 t CO₂e,343.4 t CO₂e,"3,887,105.6 t CO₂e",Very Good (Qualitative),0.73,Moderate (Qualitative),67% (Total Staff),Very Good (Qualitative),Very Good (Qualitative),EUR 115 million,EUR 234 million,Very Good (Qualitative)
9,529900JG015JC10LED24,FH,AS LHV Group,"National economic importance (quantitative
assessment - GDP)",0 t CO₂e,737 t CO₂e,"729,538 t CO₂e",Qualitative (See Comments),90% (Target),"> EUR 282,000",0.597,Qualitative (See Comments),Qualitative (See Comments),EUR 90.21 million (New Projects),EUR 310.5 million,Qualitative (See Comments)
10,549300ND1MQ8SNNYMJ22,CI,AS SEB Pank,,796 t CO₂e,777 t CO₂e,"11,678 t CO₂e (Operations) / 28,400,000 t CO₂e (Financed)",Very Good,0.95,SEK 60.2 million,40% (Board) / 33% (GEC) / 45% (Top Senior Management) / 50% (All Managers),Very Good,Very Good,SEK 74.2 billion (Sustainable financing) / SEK 259 billion (Activity Index volume),"SEK 80,193 million (Operating Income) / SEK 174,354 million (Gross Income)",Very Good
11,724500A1FNICHSDF2I11,CI,ASN Bank N.V.,Size (Total assets EUR 50-75 bn),355 t CO₂e,525 t CO₂e,"1,250,354 t CO₂e",Very Good,45% / 90%,141000,47% (Total) / 38% (Leadership),Very Good,Very Good,€ 3.8 billion,"€ 1,414 million",Very Good
12,254900RNFMDM0P11YR84,FH,Atlantic Lux HoldCo S.à r.l.,Size (Total assets EUR 30-50 bn),"2,783 t CO₂e","1,068 t CO₂e",974 t CO₂e,Very Good,0.87,30000,0.369,Very Good,Very Good,€4.8 billion,,Very Good
13,7LVZJ6XRIE7VNZ4UBX81,CI,Banca Mediolanum S.p.A.,Size (Total assets EUR 30-50 bn),"2,628.41 t CO₂e",13.56 t CO₂e (Market-Based),"4,040,041.09 t CO₂e",Very Good,99.4% (Purchased Electricity),16585000,49.34% (Total Employees),Very Good,Very Good,"€ 1,048,390,000 (Taxonomy Aligned Stock)",5321346000,Very Good
14,J4CP7MHCXR8DAQMKIL78,CI,BANCA MONTE DEI PASCHI DI SIENA S.p.A.,Size (Total assets EUR 100-150 bn),"4,206.9 t CO₂e","0 t CO₂e (Market-based) / 26,055.9 t CO₂e (Location-based)","19,677,733.09 t CO₂e",Very Good,1,€932.6 million,50% (Board) / 37% (Management),Very Good,Very Good,€486.0 million,"€3,797 million",Very Good
15,"K8MS7FD7N5Z2WQ51AZ71
",CI,"Banco Bilbao Vizcaya Argentaria, S.A.","Size (Total assets EUR 500-1,000 bn)","13,224.86 t CO₂e",0 t CO₂e,"36,688.02 t CO₂e",Very Good,1,"Ps. 202,549 million",0.51,Moderate,Very Good,"Ps. 206,493 million","Ps. 222,143 million",Very Good
16,815600E4E6DCD2D25E30,CI,Banco BPM S.p.A.,Size (Total assets EUR 150-300 bn),"10,602.9 t CO₂e","2,851.8 t CO₂e (Market-based)","13,193.9 t CO₂e",Very Good,1,~€5.8 million,0.297,Very Good,Very Good,>€7 billion,"€4,938 million",Very Good
17,JU1U6S0DG9YLT7N8ZV32,CI,"Banco Comercial Português, S.A.", Size (Total assets EUR 75-100 bn),"5,502 t CO₂e","5,756 t CO₂e","6,839,678 t CO₂e",Very Good,0.974,2.4 million €,45% (Total) / 31% (Board),Very Good,Very Good,"7,073 million €","11,218.4 million €",Very Good
18,95980020140005881190,CI,"Banco de Crédito Social Cooperativo, S.A.",Size (Total assets EUR 50-75 bn),622.30 t CO₂e,0 t CO₂e,"8,112,391.51 t CO₂e",Very Good,1,8011000,29% (Board) / 33% (Management),Very Good,Very Good,"€650,000,000 (Green Bonds)",1331216000,Very Good
19,SI5RG2M0WQQLZCXKRM20,CI,"Banco de Sabadell, S.A.",Size (Total assets EUR 150-300 bn),"3,243 t CO₂e",0 t CO₂e,"7,165 t CO₂e (Proprietary) / 14.96 million t CO₂e (Financed)",Very Good,1,3716208,55.3% (Workforce) / 33.1% (Senior Mgmt) / 33% (Board),Very Good,Very Good,"€15,000 million (2023) / €38,600 million (Cumulative)","€1,890.778 million (Pre-tax profit)",Very Good
20,95980020140005800000,CI,"Banco Occidental, S.A.",,"1,252.01 t CO₂e","1,992.65 t CO₂e","3,845.34 t CO₂e",Very Good (Qualitative),0.0154,"COP 3,453,667,730",0.5886,Very Good (Qualitative),Very Good (Qualitative),"COP 383,886 Million","COP 3,187.36 Billion (MMM)",Very Good (Qualitative)
21,5493006QMFDDMYWIAM13,CI,"Banco Santander, S.A.","Size (Total assets above EUR 1,000 bn)","5,542 t CO₂e","1,942 t CO₂e (Market-based)","9,856 t CO₂e",Very Good (Qualitative),0.914,$33.3 million,56% (Total Workforce),Very Good (Qualitative),Very Good (Qualitative),$4.8 billion,$933 million (Net Income),Very Good (Qualitative)
22,EQYXK86SF381Q21S3020,CI,BANK OF AMERICA EUROPE DESIGNATED ACTIVITY COMPANY,Size (Total assets EUR 50-75 bn),"66,775 t CO₂e","634,510 t CO₂e (Location-based); 17,794 t CO₂e (Market-based)","33,342,000 t CO₂e (Financed Emissions)",Approach to Zero™,1.01,"$174,704 million (USD)",,,Comprehensive Governance Framework,"$410,098 million (USD)",€3.02 billion,Third-party Verified
23,635400L14KNHZXPUZM19,FH,Bank of Cyprus Holdings Public Limited Company,,902.25 t CO₂e,"9,359 t CO₂e","2,944,625 t CO₂e",Qualitative: Detailed and targeted,0.021,4000000,44% (Board) / 33% (Management),Qualitative: Regulatory aligned & audited,Qualitative: Formalized structure,"~€585,465,965",1092000000,Qualitative: High (Assured/Standards-based)
24,635400C8EK6DRI12LJ39,FH,Bank of Ireland Group plc,Size (Total assets EUR 100-150 bn),"3,615 t CO₂e",10 t CO₂e,"5,058 t CO₂e",Very Good,c.100%,c.€7.1 million,46%*,Very Good,Very Good,€11.1 billion*,€7.82 billion,Very Good
25,529900RWC8ZYB066JF16,CI,Bank of Valletta plc,National economic importance (quantitative assessment - GDP),108.75 t CO₂e,"2,089.22 t CO₂e","22,020.68 t CO₂e",Moderate (Qualitative),%,"€53,700 (partial)",60.4% (Total),Moderate (Qualitative),Very Good (Qualitative),€3.43 million,€441.0 million,Very Good (Qualitative)
26,VWMYAEQSTOPNV0SUGU82,CI,"Bankinter, S.A.",Size (Total assets EUR 100-150 bn),"1,672.12 t CO₂e",63.07 t CO₂e,"14,659.27 t CO₂e (Operational) / 1.7 million t CO₂e (Financed)",Very Good,0.992,3615000,45.5% (Board) / 49.9% (Workforce),Very Good,Very Good,€2.426 billion (Loans) / 1.54% (GAR),2660543000,Very Good
27,R7CQUF1DQM73HUTV1078,CI,"Banque et Caisse d’Epargne de l’Etat, Luxembourg",Size (Total assets EUR 50-75 bn),"1,305 t CO₂e",106 t CO₂e,"2,471 t CO₂e",Very Good,1,652000,0.414,Very Good,Very Good,€607.2 million,"€1,070.8 million",Very Good
28,9CZ7TVMR36CYD5TZBS50,CI,Banque Internationale à Luxembourg S.A.,Size (Total assets EUR 30-50 bn),"1,526 t CO₂e",361 t CO₂e,"12,643 t CO₂e",Very Good,0.675,99720,0.47,Very Good,Very Good,€ 442.7 million,€ 762 million,Very Good
29,2G5BKIC2CB69PRJH1W31,CI,"Barclays Bank Ireland plc
",Size (Total assets EUR 100-150 bn),250 t CO₂e (0.25 '000 tonnes CO₂e),50 t CO₂e (0.05 '000 tonnes CO₂e) (Market-based),,Very Good (Qualitative),1,Qualitative,0.27,Very Good (Qualitative),Very Good (Qualitative),$27.6bn,"€1,275m",Very Good (Qualitative)
30,529900S9YO2JHTIIDG38,FH,BAWAG Group AG,Size (Total assets EUR 50-75 bn),"1,331 t CO₂e","1,009 t CO₂e (market-based); 2,881 t CO₂e (location-based)","284 t CO₂e (Air travel); 2,731 kt CO₂e (Financed)",Qualitative: Robust (Target-driven),1,1.1 million €,58% (Total); 35% (Management); 44% (Supervisory Board),Qualitative: Comprehensive management,Qualitative: Multi-level Governance,1.15% (GAR); Target >1.6 billion € annually,"3,120.1 million €",Qualitative: High (Verified)
31,VDYMYTQGZZ6DU0912C88,CI,Bayerische Landesbank,Size (Total assets EUR 150-300 bn),"1,286 t CO₂e",410 t CO₂e,"1,717 t CO₂e",Very Good,0.52,EUR 1.14 million,0.274,Very Good,Very Good,EUR 1.496 billion,"EUR 1,441 million (Pre-tax result)",Very Good
32,A5GWLFH3KM7YV2SFQL84,CI,Belfius Banque SA ; Belfius Bank NV ; Belfius Bank SA,Size (Total assets EUR 150-300 bn),"5,343 t CO₂e",79 t CO₂e,"19,714,932 t CO₂e",Very Good,0.95,€37 million,0.409,Very Good,Very Good,€2.5 billion,"€1,115 million",Very Good
33,529900GGYMNGRQTDOO93,CI,BNG Bank N.V.,Size (Total assets EUR 100-150 bn),146 t CO₂e,59 t CO₂e,"2,667,000 t CO₂e (2,667 ktonnes)",Very Good,100% (Electricity),EUR 120 million,0.3417,Very Good,Very Good,EUR 6.3 billion,EUR 516 million,Very Good
34,R0MUWSFPU8MPRO8K5P83,CI,BNP Paribas S.A.,"Size (Total assets above EUR 1,000 bn)",310 kg CO₂e / FTE / year (Buildings),Included in 310 kg CO₂e / FTE / year,715 kg CO₂e / FTE / year (Business Travel),Documented/Active,65% (Energy Production Portfolio),> €90 million,37.1% (Senior Management Positions),Documented/Comprehensive,Documented/Structured,€117 billion (Loans) / €67 billion (Bonds),€46.9 billion (Distributable),High / Transitioning
35,549300FH0WJAPEHTIQ77,CI-B,BofA Securities Europe SA,Size (Total assets EUR 100-150 bn),"66,775 t CO₂e","634,510 t CO₂e (Location-based); 17,794 t CO₂e (Market-based)","~2,010,264 t CO₂e (Operational); 33,342,000 t CO₂e (Financed)",Qualitative: Very Good,1,"$174,704 Million (Cumulative)",,,Qualitative: Very Good,"$157,947 Million (2022); $410,098 Million (Cumulative)","€6,650 million",Qualitative: Very Good
36,9695005MSX1OYEMGDF46,CI,BPCE S.A.,"Size (Total assets EUR 500-1,000 bn)","~31,740 t CO₂e (Estimated)","~74,060 t CO₂e (Estimated)","423,200 t CO₂e (Indirect)",Very Good,0.97,€25.1 billion,,Very Good,Very Good,€11.3 billion,€22.2 billion,Very Good
37,N747OI7JINV7RUUH6190,CI,BPER Banca S.p.A.,Size (Total assets EUR 150-300 bn),"12,195 t CO₂e","26,457 t CO₂e (Location-based); 1,001 t CO₂e (Market-based)","3,649,550 t CO₂e",Documented: 2022-2030 Energy Plan,100% (rounded from 99.55%),(Specific total € not reported in TCFD),Targets: 25% (Execs); 33% (Mid-managers + Execs),Documented: UN EN ISO 14001/50001 and WELL/LEED certifications,Documented: Formal structure with BoD and Internal Committees,€3.8 billion (Total disbursement as of 31.12.2023),€4.92 billion,Documented: Limited Assurance Engagement
38,969500STN7T9MRUMJ267,CI,Bpifrance,Size (Total assets EUR 100-150 bn),"7,600 t CO₂e",360.7 t CO₂e,"55,600 t CO₂e (Upstream)",Very Good,1,€456 million,55.59% (Workforce),Very Good,Very Good,€7.1 billion,"€2,014 million",Very Good
39,TO822O0VT80V06K0FH57,CI,"Caixa Geral de Depósitos, S.A.",Size (Total assets EUR 75-100 bn),t CO₂e,t CO₂e,Qualitative Assessment,Qualitative: Very Good,%,€ 39.9 million,0.348,,Qualitative: Very Good,€ 1.3 billion,"€1,291 million",Qualitative: Very Good
40,7CUNS533WID6K7DGFI87,CI,"CaixaBank, S.A.","Size (Total assets EUR 500-1,000 bn)","8,423.34 t CO₂e","0 t CO₂e (Market-based); 29,383.94 t CO₂e (Location-based)","221,863.91 t CO₂e (Operational); 13,664 kt CO₂e (Financed S1+2)",Very Good,1,€538 M,43% (Management); 40% (Board),Very Good,Very Good,"€50,813 M (Mobilized); €9,330 M (Green financing)",€15.14 billion,Very Good
41,LOO0AWXR8GF142JCO404,CI,Cassa Centrale Banca - Credito Cooperativo Italiano S.p.A.,Size (Total assets EUR 75-100 bn),"7,123.87 t CO₂e","16,492.32 t CO₂e (Location-based); 1,161.95 t CO₂e (Market-based)","1,648.18 t CO₂e",Very Good,96% (Purchased electricity); 56.79% (Total energy consumption),42.5 million €,43.32% (Total Employees); 7.77% (Dirigenti); 33% (Board),Very Good,Very Good,1.00% (Green Asset Ratio - CapEx); 2.1 billion € (Ethical AUM),"4,220 million €",Very Good
42,N1FBEDJ5J41VKZLO2475,CI,Citibank Europe plc,Size (Total assets EUR 100-150 bn),455 t CO₂e,"7,226 t CO₂e",321 t CO₂e,Qualitative description of targets and specific actions,100% (purchased electricity),"$2,000,000 (Regional) / €250,000 (Local)",30% (Board) / 40% (AVP+),Qualitative description of wellness program,Qualitative description of governance roles,$155m (Turnover) / $282m (CapEx),"$4,347 million",Qualitative description of compliance
43,6TJCK1B7E7UTXP528Y04,CI-B,Citigroup Global Markets Europe AG,Size (Total assets EUR 50-75 bn),"46,582 t CO₂e","28,927 t CO₂e (Market-based)","77,004 t CO₂e",Documented: Net Zero Commitment,1,$86 Million (USD),49.4% (Total Workforce),Documented: Global Rating,Documented: Board Oversight,$92.7 Billion (USD),€414.2 million,Documented: Externally Assured
44,851WYGNLUQLFZBSYGB56,CI,COMMERZBANK Aktiengesellschaft,"Size (Total assets EUR 500-1,000 bn)","17,418 t CO₂e","12,867 t CO₂e (Market-based)","46,306 t CO₂e (Operational)",Very Good (Qualitative),€9bn (Financing volume),690113,0.361,Very Good (Qualitative),Very Good (Qualitative),€238bn,"10,461 Milliarden Euro",Very Good (Qualitative)
45,9695000CG7B84NLR5984,CI,Confédération Nationale du Crédit Mutuel,"Size (Total assets EUR 500-1,000 bn)","25,156 t CO₂e","14,162 t CO₂e","435,757 t CO₂e (Org) / 53.9m t CO₂e (Financed)",Qualitative: Very Good,"€3,413m (Total) / 28% (Real Estate)",€439 million,42% (Local) / 34% (Federal) / 56% (Workforce),Qualitative: Moderate,Qualitative: Very Good,"€50,247 million","€18,701 million",Qualitative: Very Good
46,DG3RU1DBUFHT4ZF9WN62,CI,Coöperatieve Rabobank U.A.,"Size (Total assets EUR 500-1,000 bn)","73,000 t CO₂e",Included in Scope 1,"48,800,000 t CO₂e",Very Good,"€4,559 million",€40.1 million,44% (Board),Very Good,Very Good,"€34,227 million","€15,405 million",Very Good
47, 969500TJ5KRTCJQWXH05,CI,Crédit Agricole S.A.,,"60,241.9 t CO₂e (documented as 60,241,918 KG CO₂)",9.3 (relative unit in model),84 t CO₂e/M€ (Intensity),Very Good,0.5,€60 million,,Moderate,Very Good,€17 billion,€373.4 billion,Very Good
48,815600AD83B2B6317788,FH,Credito Emiliano Holding S.p.A.,Size (Total assets EUR 50-75 bn),"2,723.7 t CO₂e",620.0 t CO₂e (Market-based),"3,582,302.6 t CO₂e",Qualitative: Very Good,0.636,1604000,0.3936,Qualitative: Very Good,Qualitative: Very Good,461000000,2077860000,Qualitative: Very Good
49,549300DYPOFMXOR7XM56,CI,Crelan SA ; Crelan NV,Size (Total assets EUR 50-75 bn),"2,963 t CO₂e (Total Scope 1, 2, & partial 3)","Included in 2,963 t CO₂e total",1.3 Mt CO₂e (Baseline),Very Good (Qualitative),(Not specified as %),86200,25% (Board of Directors),Very Good (Qualitative),Very Good (Qualitative),€1.35 billion (Green Bonds),,Very Good (Qualitative)
50,FI10786932,BR,"Danske Bank A/S, Finland Branch",Size (Total assets EUR 30-50 bn),201 t CO₂e,"1,753 t CO₂e","7,338 t CO₂e",Very Good,0.53,DKK 7.1 million,0.51,Very Good,Very Good,DKK 365 billion,"DKK 52,445 million",Very Good
51,0W2PZJM8XOY22M4GG883,CI,DekaBank Deutsche Girozentrale,Size (Total assets EUR 75-100 bn),"1,433 t CO₂e","2,067 t CO₂e","3,103 t CO₂e",Very Good,1,€1.31 million,38.9% (Total); 23.9% (Leadership),Very Good,Very Good,€59.8 billion,"€5,707 million",Very Good
52,5299007S3UH5RKUYDA52,CI,Deutsche Apotheker- und Ärztebank eG,Size (Total assets EUR 50-75 bn),"1,480 t CO₂e",485 t CO₂e,"1,659 t CO₂e",Goal: Climate neutrality by 2045,100% (Electricity),515000,47% (Total workforce),Corporate Health Award (Excellence),Board-level responsibility,1.46 Mio. € (GAR assets),"1,196 Mio. €",Limited Assurance
53,7LTWFZYICNSX8D621K86,CI,Deutsche Bank AG,"Size (Total assets above EUR 1,000 bn)","18,735 t CO₂e","26,079 t CO₂e (Market-based)","1,286,521 t CO₂e (Operational) / 63.5 MtCO2e/y (Financed)",Very Good,0.97,€ 52.6 million,46.3% (Total) / 32.3% (Senior Titles),Moderate,Very Good,€ 279 billion (Cumulative),"~€ 28,876 million (Net Revenue)",Very Good
54,DZZ47B9A52ZJ6LT6VV95,CI,Deutsche Pfandbriefbank AG,Size (Total assets EUR 50-75 bn),374 t CO₂,6 t CO₂ (market-based),959 t CO₂,Very Good (Qualitative Assessment),(Not quantified as a total %),,,Moderate (Qualitative Assessment),Very Good (Qualitative Assessment),€ 103 million (Taxonomy-aligned),€603 million.,Very Good (Qualitative Assessment)
55,529900GEH0DAUTAXUA94,CI,DSK Bank AD,"Among the three largest credit institutions in
the Member State","2,051.81 t CO₂e","1,515.15 t CO₂e","370,186 t CO₂e",Documented Strategy,0.492,"BGN 1,323,375",0.772,Documented Initiatives,ESG Committee,"BGN 2,126 million","BGN 1,173,071,000",Regulatory Compliance
56,529900HNOAA1KXQJUQ27,CI,DZ BANK AG Deutsche Zentral-Genossenschaftsbank,"Size (Total assets EUR 500-1,000 bn)","20,813.67 t CO₂e","7,658.97 t CO₂e","54,870.51 t CO₂e",Very Good,~96%,€3.8 million,0.461,Very Good,Very Good,€7.38 billion,"€3,189 million",Very Good
57,PQOH26KWDF7CG10L6792,CI,Erste Group Bank AG,Size (Total assets EUR 300-500 bn),"18,701 t CO₂e","13,153 t CO₂e (Market-based)","28,300,000 t CO₂e (Category 15)",Very Good,0.91,€31.7 million,0.589,Moderate,Very Good,"€2,950.0 million",EUR 10.552 billion,Very Good
58,391200EEGLNXBBCVKC73,FH,Erwerbsgesellschaft der S-Finanzgruppe mbH & Co. KG,Size (Total assets EUR 50-75 bn),"4,631.2 t CO₂e","2,582.0 t CO₂e","4,423.4 t CO₂e",Qualitative Assessment,100% (of direct electricity),€5.3 million,60% (Total),Qualitative Assessment,Qualitative Assessment,€1.256 billion (Investments),,Qualitative Assessment
59,JEUVK5RWVJEN8W0C9M24,FH,Eurobank Ergasias Services and Holdings S.A.,Size (Total assets EUR 75-100 bn),"5,067,100 t CO₂e (Financed) / 1.10 t CO₂e/€m (Operational)","1,607,100 t CO₂e (Financed) / 9.01 t CO₂e/€m (Operational)","24,313,100 t CO₂e (Financed) / 1.90 t CO₂e/€m (Operational)",Very Good,0.9804,€17 million (Sponsorships) / €12 million (egg accelerator),65% (Headcount) / 50% (Management),Very Good,Very Good,€2.18 billion,"€2,803 million (Operating Income)",Very Good
60,549300L7YCATGO57ZE10,CI,FinecoBank S.p.A.,Size (Total assets EUR 30-50 bn),281 t CO₂e,0 t CO₂e (Market-based) / 796 t CO₂e (Location-based),941 t CO₂e,Very Good,0.71,879030,55% (Board) / 34.6% (Management),Very Good,Very Good,€ 20.8 million,€ 1.893 billion,Very Good
61,8IBZUGJ7JPLH368JE346,CI,Goldman Sachs Bank Europe SE,Size (Total assets EUR 150-300 bn),"13,842 t CO₂e","9,252 t CO₂e (Market-based); 155,105 t CO₂e (Location-based)","79,915 t CO₂e",Very Good,1,+3B(Philanthropic);+19B (Community Loans/Investments),63% (Small/Diverse Spend),Moderate,Very Good,~$555B (Cumulative),"$46,254 million",Very Good
62,TUKDD90GPC79G1KOE162,CI,Hamburg Commercial Bank AG,Size (Total assets EUR 30-50 bn),20 t CO₂e,444 t CO₂e,"2,885,432 t CO₂e",Very Good,1,997402,37.5 % (Total),Very Good,Very Good,€606 million,€427 million (Pre-tax profit),Very Good
63,529900JZTYE3W7WQH904,FH,HASPA Finanzholding,Size (Total assets EUR 50-75 bn),1.301 t CO₂e,"563,3 t CO₂e","8.546,4 t CO₂e",Very Good,~80 %,"7,5 Mio. €","55,7 % (Gesamt)",Very Good,Very Good,278 Mio. €,"1,081 Mrd. € (Wertschöpfung)",Very Good
64,F0HUI1NY1AZMJMD8LP67,CI,HSBC Continental Europe,Size (Total assets EUR 150-300 bn),"16,918 t CO₂e","167,174 t CO₂e","1,090,280 t CO₂e (Operations & Supply Chain)",Documented Ambition,0.584,$107.3m,0.341,Qualitative Feedback,Formal Board Oversight,$294.4bn,$66.1bn,Limited Assurance
65,549300OLBL49CW8CT155,CI,"Ibercaja Banco, S.A.",Size (Total assets EUR 30-50 bn),777.74 t CO₂e,56.72 t CO₂e,"1,620,828 t CO₂e",Very Good,1,19727680,49.3% (Workforce),Very Good,Very Good,3440000000,1256916000,Very Good
66,NNVPP80YIZGEY2314M97,CI,ICCREA Banca S.p.A. - Istituto Centrale del Credito Cooperativo,Size (Total assets EUR 150-300 bn),t CO₂e,t CO₂e,t CO₂e,Qualitative: Very Good,%,€ or local currency,Qualitative: Very Good,Qualitative,Qualitative: Very Good,€0.35 billion,"€5,589,733 thousand",Qualitative: Very Good
67,549300NYKK9MWM7GGW15,MFH,ING Groep N.V.,"Size (Total assets EUR 500-1,000 bn)",6 kt CO₂e,8 kt CO₂e,14 kt CO₂e (Travel); 57.3 Mt CO₂e (Financed),Qualitative: Documented Targets,0.98,€18.7 million,31% (Senior Mgmt); 49% (Total),"Qualitative: Documented ""Vitality"" approach",Qualitative: Formal Committee Oversight,€115 billion,"€22,575 million",Qualitative: Limited Assurance
68,2W8N8UU78PMDQKZENC08,CI,Intesa Sanpaolo S.p.A.,"Size (Total assets EUR 500-1,000 bn)","50,475 t CO₂e","18,591 t CO₂e","55,893 t CO₂e",Very Good,0.882,€101.1 million,0.54,Very Good,Very Good,€11.0 billion,€25.9 billion,Very Good
69,5493008QOCP58OLEN998,MFH,Investeringsmaatschappij Argenta NV ; Société d'investissements Argenta SA ; Investierungsgesellschaft Argenta AG,Size (Total assets EUR 50-75 bn),t CO₂e,t CO₂e,t CO₂e,Qualitative,%,€ or local currency,%,Qualitative,Qualitative,€ or local currency,3430153,Qualitative
70,549300ZK53CNGEEI6A29,CI,J.P. Morgan SE,Size (Total assets EUR 300-500 bn),t CO₂e,t CO₂e,t CO₂e,Qualitative: Comprehensive / Targeted,%,USD ($),%,Qualitative: High Engagement,Qualitative: Multi-level Oversight,USD ($),€5.62 billion,Qualitative: High / Independent
71,213800X3Q9LSAKRUWY91,MFH,KBC Group NV,Size (Total assets EUR 300-500 bn),"29,047 t CO₂e","3,995 t CO₂e","56,081,123 t CO₂e",Very Good (Qualitative),100% (Electricity) / 62% (Energy Loans),€20.3 million,57% (Workforce) / 25% (Senior Mgmt),Very Good (Qualitative),Very Good (Qualitative),€19.3 billion (Env) / €7.4 billion (Social),€11.224 billion,Very Good (Qualitative)
72,5299002GPCR602QYJC04,FH,KfW Beteiligungsholding GmbH,Size (Total assets EUR 30-50 bn),"2,987 t CO₂e","1,235 t CO₂e","13,044 t CO₂e",Qualitative: 1.5°C Alignment / Decarbonization,69.1% (Total Energy),"EUR 144,190",48.1% (Total Group),Qualitative: Structured Management,Qualitative: Executive Responsibility,EUR 38.9 billion,EUR 724.4 billion,Qualitative: GRI/TCFD Compliant
73,529900HEKOENJHPNN480,CI,Kuntarahoitus Oyj,Size (Total assets EUR 30-50 bn),t CO₂e (Not Disclosed),t CO₂e (Not Disclosed),"81,366 t CO₂e (Avoided/Reduced)",Very Good,0.01,(Blank),(Blank),Moderate (Qualitative),Very Good,"EUR 4,795 million",,Very Good
74,549300U4LIZV0REEQQ46,CI,"Kutxabank, S.A.",Size (Total assets EUR 50-75 bn),,,,Very Good (Qualitative),,€306.43 million,0.54,Moderate/Good (Qualitative),Very Good (Qualitative),"€2,116 million","€1,735.4 million",Moderate (Qualitative)
75,96950066U5XAAIRCPA78,CI,La Banque Postale,Size (Total assets EUR 300-500 bn),"13,856 t CO₂e","1,809 t CO₂e","10,367,000 t CO₂e (10,367 kt CO₂e)",Net Zero ambition by 2040 (SBTi-validated),0.924,"> €3,000,000",,Qualitative: Integrated in GII,Qualitative: Fully integrated,1600000000,€7.255 billion,Qualitative: TCFD & TNFD aligned
76,B81CK4ESI35472RHJ606,CI,Landesbank Baden-Württemberg,Size (Total assets EUR 300-500 bn),"5,548.9 t CO₂e","7,326.0 t CO₂e","12.3 Mio. t CO₂e (Financed) + 2,827.2 t CO₂e (Operational)",Qualitative: Very Good,0.967,1119000,51 % (Total) / 27.2 % (Management),Qualitative: Very Good,Qualitative: Very Good,"42,484 Mio. €","3,781 Mio. €",Qualitative: Very Good
77,DIZES5CFO5K3I5R58746,CI,Landesbank Hessen-Thüringen Girozentrale,Size (Total assets EUR 150-300 bn),"2,034 t CO₂e",835 t CO₂e,"3,522 t CO₂e (Operational) / 40.1 million t CO₂e (Financed)",Goal: -30% (Ops) / Neutrality (Ops),100% (Owned props) / 89.4% (Total group),€1.2 million,25.7% (Leadership),Comprehensive Management,Executive responsibility,€80.6 billion,"€2,880 million",GRI-aligned / Audited NFE
78,529900FU4WJ2XT7BVE31,CI,LBS Landesbausparkasse Süd,Size (Total assets EUR 30-50 bn),281 t CO₂e,"2,017 t CO₂e","1,443 t CO₂e",Moderate / Good (Qualitative),100% (Commitment),342500,58.91% (Total) 28.13% (Mgmt),Good (Qualitative),Good (Qualitative),€22.61 Billion (Eligible),917030126,Moderate (Qualitative)
79,222100K6QL2V4MLHWQ08,FH,LSF Nani Investments S.à.r.l.,Size (Total assets EUR 30-50 bn),"3,675.3 t CO₂e","1,146.3 t CO₂e","2,609,423.7 t CO₂e",Qualitative: Very Good,0.77,475000,0.387,Qualitative: Very Good,Qualitative: Very Good,€713.2 million,"€1,438.7 million",Qualitative: Very Good
80,213800RZWHE5EUX9R444,FH,Luminor Holding AS,,"2,765 t CO₂e (Aggregate)","2,765 t CO₂e (Aggregate)","2,332,000 t CO₂e (Financed)",Very Good,0.42,137000,22% (Council) / 69% (Total),Very Good,Very Good,€108 million,€646.1 million,Very Good
81,213800TC9PZRBHMJW403,FH,MDB Group Limited,"Among the three largest credit institutions in
the Member State",t CO₂e,t CO₂e,t CO₂e,Qualitative,%,€,%,Qualitative,Qualitative,€,€11.9 million,Qualitative
82,PSNL19R2RXX5U3QWHI44,CI,Mediobanca - Banca di Credito Finanziario S.p.A.,Size (Total assets EUR 75-100 bn),"2,885 t CO₂e",43 t CO₂e,"3,451 t CO₂e (Direct) / 11.21M t CO₂e (Financed)",Very Good,1,€6.5 Million,42% (Workforce) / 20% (Key positions),Moderate,Very Good,29% (CIB) / €200M (Consumer),€2.64 Billion,Very Good
83,549300C9KPZR0VZ16R05,FH,Morgan Stanley Europe Holding SE,Size (Total assets EUR 100-150 bn),"24,201 mtCO₂e","229,954 mtCO₂e (Location-based); 31,804 mtCO₂e (Market-based)","98,289 mtCO₂e (Operational); 4,558,983 tCO₂e (Financed - 2022)",Very Good,1,$160+ million (USD),40% (Overall); 29% (Officers),Very Good,Very Good,$820+ billion (USD),"$54,143 million (USD)",Very Good
84,529900GM944JT8YIRL63,CI,Münchener Hypothekenbank eG,Size (Total assets EUR 50-75 bn),t CO₂e,460.51 t CO₂e,"653,290 t CO₂e",Qualitative assessment,1,"~€19,000",48.6% (Total),Qualitative assessment,Qualitative assessment,"€5,200.8 million",456433000,Qualitative assessment
85,5UMCZOEYKCVFAW8ZLO05,CI,National Bank of Greece S.A.,Size (Total assets EUR 50-75 bn),"1,597 t CO₂e","2 t CO₂e (Market-based) / 19,761 t CO₂e (Location-based)","58,337 t CO₂e (Non-financed) / 16,105 kt CO₂e (Financed)",Very Good,99.9% (Electricity) / 87% (Total energy),€17.5 million (Total commitment),31% (Board) / 45% (Managerial) / 54% (Total),Very Good,Very Good,"€1,981 million (RES Balances) / €468 million (Green RRF)","€2,554 million",Very Good
86,894500M8C9DWGV7L2Q81,CI,NatWest Bank Europe GmbH,"Article 6(5)(b) of Regulation (EU) No
1024/2013","12,922 t CO₂e","51,829 t CO₂e (Location-based)","603,827 t CO₂e",Very Good,1,£11.1 million,40% (Board),Moderate,Very Good,£29.3 billion,"£14,752 million",Very Good
87,JLP5FSPH9WPSHY3NIM24,CI,Nederlandse Waterschapsbank N.V.,Size (Total assets EUR 75-100 bn),29.58 t CO₂e,0 t CO₂e,33.8 t CO₂e (Office Operations),Qualitative: Documented as Science-Based Targets (SBTi) commitment,100% (Electricity),125000,40.5% (Total Workforce),Qualitative: Documented Management System,Qualitative: Documented via SAB and Board committees,"€24,199 million (Total Outstanding)",~€246 million,Qualitative: High (External standards applied)
88,MMYX0N4ZEZ13Z4XCG897,CI,New York Mellon SA/NV,Size (Total assets EUR 30-50 bn),"7,147 mt CO₂e","96,117 mt CO₂e (Location-based); 1,289 mt CO₂e (Market-based)","19,825 mt CO₂e (Business Travel); 3.3M mt CO₂e (Oil & Gas 2020 Baseline)",Very Good,1,$36.3 Million,45% (Board); 40% (Global Workforce),Moderate,Very Good,$52 Billion,"$17,502 Million",Very Good
89,DSNHHQ2B9X5N6OUJ1236,CI,Norddeutsche Landesbank -Girozentrale-,Size (Total assets EUR 100-150 bn),"1,300 t CO₂e",726 t CO₂e (Market-based),"2,101 t CO₂e",Qualitative: Strategic commitment to Paris Agreement,45.87% (Total energy),"€1,326 thousand",49.2% (Workforce),Qualitative: ISO 45001 alignment / BGM system,Qualitative: Comprehensive oversight,€2.5 billion (Green Bonds),€1.3 billion,Qualitative: GRI 2021 / PRB / Limited Assurance
90,529900ODI3047E2LIV03,CI,Nordea Bank Abp,"Size (Total assets EUR 500-1,000 bn)","1,142 t CO₂e","3,116 t CO₂e","16,114 t CO₂e (Internal Ops) / 16,503,102 t CO₂e (Financed)",Very Good,1,"10,415 volunteer hours / 216,000 youth supported",52% Total Workforce / 40% Senior Leadership,Moderate,Very Good,"EUR 135bn (Facilitated) / EUR 12,108m (Green Loans)","EUR 11,743m",Very Good
91,5299008I0TO44SUINZ71,CI,Oldenburgische Landesbank Aktiengesellschaft,Size (Total assets EUR 30-50 bn),"1,673 t CO₂e",22 t CO₂e (Market-based),"1,103 t CO₂e",Qualitative: Very Good,0.99,850000,47.8% (Total Workforce),Qualitative: Very Good,Qualitative: Very Good,€25.38 million (GAR Stock),€602.8 million,Qualitative: Very Good
92,7437003B5WFBOIEFY714,MFH,OP Osuuskunta,Size (Total assets EUR 100-150 bn),187 t CO₂e,95 t CO₂e,5.22 million t CO₂e,-25% by 2030 (Portfolio),0.992,€4.9 million,31% / 45%,3.2% / 0.6,Board + ESG Committee,€6.6 billion,"€4,501 million",GRI / Externally Assured
93,22210058UCKT3BJTCN24,FH,OTP Luxembourg S.à.r.l.,,"31,270 t CO₂e","39,379 t CO₂e (Market-based)","4,618 t CO₂e (Operations only)",Qualitative: Very Good,0.21,HUF 5.0 billion,16% (Board of Directors),Qualitative: Very Good,Qualitative: Very Good,HUF 656 billion,"HUF 2,224,584 million",Qualitative: Very Good
94,M6AD1Y1KW32H8THQ6F76,FH,Piraeus Financial Holdings S.A.,Size (Total assets EUR 75-100 bn),"1,238.41 t CO₂e",0.00 t CO₂e (Market-based),"18,532,127.85 t CO₂e (Financed S1+S2+S3)",Qualitative: Very Good,1,€4 million,58% (Total Workforce),Qualitative: Very Good,Qualitative: Very Good,€2.7 billion,"€2,607 million",Qualitative: Very Good
95,549300UARE5MHTBUPJ19,FH,Promontoria 19 Coöperatie U.A.,Size (Total assets EUR 30-50 bn),"16,918 t CO₂e","167,174 t CO₂e","1,090,280 t CO₂e (Upstream only)",Qualitative: Very Good,0.584,$105 million (Cumulative),34.1% (Senior Leadership),Qualitative: Very Good,Qualitative: Very Good,$83.7 billion (2023 annual),"$66,058 million",Qualitative: Very Good
96,9ZHRYM6F437SQJ6OUG95,CI,Raiffeisen Bank International AG,,"12,403 t CO₂e","33,526 t CO₂e","43,450 t CO₂e (Operational); 17.07 Mio. t CO₂e (Financed)",Very Good,0.48,10519908,35 % (Management); 63 % (Total staff),Very Good,Very Good,"11,049 Mio. € (Total); 5,525 Mio. € (Green)","14,091 Mio. €",Very Good
97,529900XSTAE561178282,FH,Raiffeisenbankengruppe OÖ Verbund eGen,Size (Total assets EUR 30-50 bn),"65,884.68 t CO₂e","21,630.76 t CO₂e","3,881,230 t CO₂e",Qualitative: Very Good,~25% (Group); ~65.6% (RLB OÖ),RLB Social Fund,41.81% (Group Employees); 33.33% (Board/AR),Qualitative: Very Good,Qualitative: Very Good,> EUR 7.0 billion,"EUR 3,731.51 million",Qualitative: Very Good
98,529900SXEWPJ1MRRX537,FH,RAIFFEISEN-HOLDING NIEDERÖSTERREICH-WIEN registrierte Genossenschaft mit beschränkter Haftung,Size (Total assets EUR 30-50 bn),"41,198.54 t CO₂e (Group) / 2,529.77 t CO₂e (Bank)","62,839.80 t CO₂e (Group) / 3,411.95 t CO₂e (Bank)",1.32 Million t CO₂e (Financed),Very Good (Qualitative),37.0% (Group) / 92.0% (Bank),"EUR 1,993,372.9",34.8% (Workforce) / 15.0% (Board),Very Good (Qualitative),Very Good (Qualitative),"EUR 4,374,277,000","EUR 4,612,341,400",Very Good (Qualitative)
99,724500JIWG886A9RRT57,FH,RBS Holdings N.V.,Article 6(5)(b) of Regulation (EU) No 1024/2013,"12,922 t CO₂e","51,829 t CO₂e (Location-based) / 146 t CO₂e (Market-based)","603,827 t CO₂e",Very Good,1,£11.1 million,40% (Board) / 41% (Top 3 layers),Moderate,Very Good,£29.3 billion (2023),"£14,752 million",Very Good
100,96950001WI712W7PQG45,CI,RCI Banque SA,Size (Total assets EUR 50-75 bn),,,"2,483,388 t CO₂e",Very Good,,923 Caremakers loans,52% (Parity); 42% (Executives),Very Good,Very Good,€1.25 Billion,"€1,961 Million (NBI)",Very Good
101,549300HFEHJOXGE4ZE63,CI,SFIL S.A.,Size (Total assets EUR 50-75 bn),t CO₂e,t CO₂e,t CO₂e,"Qualitative: Documented as ""Ambitious""",%,€,%,Qualitative: High (Validated by Social Barometer),Qualitative: Structured and Integrated,€,,Qualitative: High (Validated)
102,O2RNE8IBXP4R0TD8PU41,CI,Société Générale S.A.,"Size (Total assets above EUR 1,000 bn)","24,777 t CO₂e","75,743 t CO₂e","67,478 t CO₂e",Qualitative: Target to reduce internal carbon footprint by 50% by 2030 vs 2019.,%,€1 billion,%,Qualitative,Qualitative: Board validates climate strategy and oversees implementation.,€300 billion,EUR 25.1 billion,Qualitative: Aligned with TCFD and GFANZ recommendations.
103,529900V3O1M5IHMOSF46,FH,State Street Europe Holdings Germany S.à.r.l. & Co. KG,Size (Total assets EUR 30-50 bn),"7,559 t CO₂e","50,878 t CO₂e (Location-based); 180 t CO₂e (Market-based)","293,296 t CO₂e (Aggregate)",46.2% reduction target by 2030,Not provided as total %,$25.8 million,33% (Board); 39% (SVP+); 31% (MD); 32% (VP),Not qualitatively rated,Formalized Committee Structure,$650 billion (ESG AUM); $365.8 million (Bonds),,Independent limited assurance
104,9845006C7B5CC707X660,FH,Swedbank Baltics AS,Size (Total assets EUR 30-50 bn),692 t CO₂e,"3,678 t CO₂e","15,407 t CO₂e",Very Good,0.999,SEK 119m,61% (Workforce),Very Good,Very Good,"SEK 86,460m","SEK 73,057m",Very Good
105,5299007QVIQ7IO64NX37,CI,UBS Europe SE,Size (Total assets EUR 30-50 bn),"48,522 t CO₂e (Combined Scope 1 & 2)","48,522 t CO₂e (Combined Scope 1 & 2)","168,688 t CO₂e",45.9 million metric t CO₂e (Fossil Fuels sector),Moderate to Very Good (Qualitative),0.956,USD 62.6 million,29.5 % (Director level and above),Moderate (Qualitative),Very Good (Qualitative),USD 292.3 billion,EUR 53.9 billion
106,5493007SJLLCTM6J6M37,CI,"Unicaja Banco, S.A.",Size (Total assets EUR 75-100 bn),"2,261 t CO₂e",481 t CO₂e,"10,409,489 t CO₂e",Very Good,100% (Electricity),1354640,54.3% (Workforce) / 35.71% (Board),Very Good,Very Good,1300000000,€1.40 billion,Very Good
107,549300TRUWO2CD2G5692,CI,UniCredit S.p.A.,"Size (Total assets EUR 500-1,000 bn)","26,072 t CO₂e","21,399 t CO₂e (Market-based)","29,683 t CO₂e (Operational)",Very Good,0.904,€59.6 million,42% (BoD); 46% (GEC),Very Good,Very Good,€82 billion (Total ESG volumes),"€42,166 million (Total Income items)",Very Good
108,529900D4CD6DIB3CI904,CI,Volksbank Wien AG,Size (Total assets EUR 30-50 bn),428.67 t CO₂e,188.93 t CO₂e,,Qualitative: Very Good,1,46191.23,0.352,Qualitative: Very Good,Qualitative: Very Good,€154.8 million,,Qualitative: Very Good
109,529900SSGT49ZZSWYE62,FH,Volkswagen Financial Services AG,Size (Total assets EUR 50-75 bn),308.47 t CO₂e,127.347 t CO₂e,6.334 t CO₂e,Moderate (Qualitative),1,"664,000 CZK",18% (Management),Very Good (Qualitative),Moderate (Qualitative),CZK (Not Aggregated),"14,615 million CZK",Moderate (Qualitative)
110,529900S1KHKOEQL5CK20,CI,Wüstenrot Bausparkasse Aktiengesellschaft,Size (Total assets EUR 30-50 bn),t CO₂e,t CO₂e,t CO₂e,Qualitative,%,Local Currency,0.604,Qualitative,Qualitative,€500.0 million,€525.5 million,Qualitative
