scope_1_ghg_emissions,scope_2_ghg_emissions,scope_3_ghg_emissions,emission_reduction_policy,renewable_energy_share,community_investment,diversity_women_representation,health_safety,board_strategy_esg_oversight,sustainable_finance_green_financing,total_revenue,reporting_quality
"1,004.36 t COâ‚‚e",0.00 t COâ‚‚e,"2,592.07 t COâ‚‚e",Qualitative: Very Good,100 percent,â‚¬17.7 million,51.3 % (Total Staff); 33.3 % (Board),Qualitative: Very Good,Qualitative: Very Good,"â‚¬1,078 million","â‚¬1,572 million",Qualitative: Very Good
30 kton COâ‚‚e,,"4,940 kton COâ‚‚e",Qualitative,,â‚¬ 500 million,,Qualitative,Qualitative,â‚¬ 500 million,â‚¬8.78 billion,Qualitative
835 tCOâ‚‚eq,"2,858 tCOâ‚‚eq","582,349 tCOâ‚‚eq","Documented initiatives: Car fleet replacement with EVs, office space optimization, and transition to renewable energy.",28% (Group level); 100% (Vienna headquarters),"Qualitative: Volunteering programs, donations, fundraising, grants, and sponsorships.",56.6% (Executive and middle management),Documented: High compliance with legal standards; 9 recordable accidents; 0 fatalities.,Documented: Integrated governance with MB and SB oversight; dedicated ESG Working Group.,18 Green partnerships enabled.,â‚¬276.6 million,Documented: ESRS-aligned on a voluntary basis; No external assurance.
"2,670 t COâ‚‚e","4,909 t COâ‚‚e (Location-based) / 480 t COâ‚‚e (Market-based)","2,200,000 t COâ‚‚e (Category 15: Financed Emissions)",Very Good (Qualitative assessment),60% (Approx. share of total energy consumption),â‚¬10.8m,40% (Board) / 42% (ExCo) / 42% (All Management),Very Good (Qualitative assessment),Very Good (Qualitative assessment),â‚¬3.7bn (New green lending in 2023),"â‚¬4,722m",Very Good (Qualitative assessment)
t COâ‚‚e,t COâ‚‚e,"3,348,760 t COâ‚‚e",Very Good,%,â‚¬ or local currency,,,Very Good,,422192000,Very Good
"1,473 tCOâ‚‚e","18,419 tCOâ‚‚e","35,102,566 tCOâ‚‚e",Very Good,0.89,â‚¬2.443 million,0.385,Very Good,Very Good,â‚¬800 million,â‚¬2.29 billion,Very Good
495 t COâ‚‚e,196 t COâ‚‚e,167 t COâ‚‚e (Cat 1â€“14); 28.4 million t COâ‚‚e (Cat 15),Very Good,0.87,"â‚¬118,000 (Grants); â‚¬700,000+ (Scholarships)",36% (Board); 45% (Top Senior Management),Very Good,Very Good,"â‚¬1,183 million",EUR 246 million,Very Good
82.4 t COâ‚‚e,343.4 t COâ‚‚e,"3,887,105.6 t COâ‚‚e",Very Good (Qualitative),0.73,Moderate (Qualitative),67% (Total Staff),Very Good (Qualitative),Very Good (Qualitative),EUR 115 million,EUR 234 million,Very Good (Qualitative)
0 t COâ‚‚e,737 t COâ‚‚e,"729,538 t COâ‚‚e",Qualitative (See Comments),90% (Target),"> EUR 282,000",0.597,Qualitative (See Comments),Qualitative (See Comments),EUR 90.21 million (New Projects),EUR 310.5 million,Qualitative (See Comments)
796 t COâ‚‚e,777 t COâ‚‚e,"11,678 t COâ‚‚e (Operations) / 28,400,000 t COâ‚‚e (Financed)",Very Good,0.95,SEK 60.2 million,40% (Board) / 33% (GEC) / 45% (Top Senior Management) / 50% (All Managers),Very Good,Very Good,SEK 74.2 billion (Sustainable financing) / SEK 259 billion (Activity Index volume),"SEK 80,193 million (Operating Income) / SEK 174,354 million (Gross Income)",Very Good
355 t COâ‚‚e,525 t COâ‚‚e,"1,250,354 t COâ‚‚e",Very Good,45% / 90%,141000,47% (Total) / 38% (Leadership),Very Good,Very Good,â‚¬ 3.8 billion,"â‚¬ 1,414 million",Very Good
"2,783 t COâ‚‚e","1,068 t COâ‚‚e",974 t COâ‚‚e,Very Good,0.87,30000,0.369,Very Good,Very Good,â‚¬4.8 billion,,Very Good
"2,628.41 t COâ‚‚e",13.56 t COâ‚‚e (Market-Based),"4,040,041.09 t COâ‚‚e",Very Good,99.4% (Purchased Electricity),16585000,49.34% (Total Employees),Very Good,Very Good,"â‚¬ 1,048,390,000 (Taxonomy Aligned Stock)",5321346000,Very Good
"4,206.9 t COâ‚‚e","0 t COâ‚‚e (Market-based) / 26,055.9 t COâ‚‚e (Location-based)","19,677,733.09 t COâ‚‚e",Very Good,1,â‚¬932.6 million,50% (Board) / 37% (Management),Very Good,Very Good,â‚¬486.0 million,"â‚¬3,797 million",Very Good
"13,224.86 t COâ‚‚e",0 t COâ‚‚e,"36,688.02 t COâ‚‚e",Very Good,1,"Ps. 202,549 million",0.51,Moderate,Very Good,"Ps. 206,493 million","Ps. 222,143 million",Very Good
"10,602.9 t COâ‚‚e","2,851.8 t COâ‚‚e (Market-based)","13,193.9 t COâ‚‚e",Very Good,1,~â‚¬5.8 million,0.297,Very Good,Very Good,>â‚¬7 billion,"â‚¬4,938 million",Very Good
"5,502 t COâ‚‚e","5,756 t COâ‚‚e","6,839,678 t COâ‚‚e",Very Good,0.974,2.4 million â‚¬,45% (Total) / 31% (Board),Very Good,Very Good,"7,073 million â‚¬","11,218.4 million â‚¬",Very Good
622.30 t COâ‚‚e,0 t COâ‚‚e,"8,112,391.51 t COâ‚‚e",Very Good,1,8011000,29% (Board) / 33% (Management),Very Good,Very Good,"â‚¬650,000,000 (Green Bonds)",1331216000,Very Good
"3,243 t COâ‚‚e",0 t COâ‚‚e,"7,165 t COâ‚‚e (Proprietary) / 14.96 million t COâ‚‚e (Financed)",Very Good,1,3716208,55.3% (Workforce) / 33.1% (Senior Mgmt) / 33% (Board),Very Good,Very Good,"â‚¬15,000 million (2023) / â‚¬38,600 million (Cumulative)","â‚¬1,890.778 million (Pre-tax profit)",Very Good
"1,252.01 t COâ‚‚e","1,992.65 t COâ‚‚e","3,845.34 t COâ‚‚e",Very Good (Qualitative),0.0154,"COP 3,453,667,730",0.5886,Very Good (Qualitative),Very Good (Qualitative),"COP 383,886 Million","COP 3,187.36 Billion (MMM)",Very Good (Qualitative)
"5,542 t COâ‚‚e","1,942 t COâ‚‚e (Market-based)","9,856 t COâ‚‚e",Very Good (Qualitative),0.914,$33.3 million,56% (Total Workforce),Very Good (Qualitative),Very Good (Qualitative),$4.8 billion,$933 million (Net Income),Very Good (Qualitative)
"66,775 t COâ‚‚e","634,510 t COâ‚‚e (Location-based); 17,794 t COâ‚‚e (Market-based)","33,342,000 t COâ‚‚e (Financed Emissions)",Approach to Zeroâ„¢,1.01,"$174,704 million (USD)",,,Comprehensive Governance Framework,"$410,098 million (USD)",â‚¬3.02 billion,Third-party Verified
902.25 t COâ‚‚e,"9,359 t COâ‚‚e","2,944,625 t COâ‚‚e",Qualitative: Detailed and targeted,0.021,4000000,44% (Board) / 33% (Management),Qualitative: Regulatory aligned & audited,Qualitative: Formalized structure,"~â‚¬585,465,965",1092000000,Qualitative: High (Assured/Standards-based)
"3,615 t COâ‚‚e",10 t COâ‚‚e,"5,058 t COâ‚‚e",Very Good,c.100%,c.â‚¬7.1 million,46%*,Very Good,Very Good,â‚¬11.1 billion*,â‚¬7.82â€¯billion,Very Good
108.75 t COâ‚‚e,"2,089.22 t COâ‚‚e","22,020.68 t COâ‚‚e",Moderate (Qualitative),%,"â‚¬53,700 (partial)",60.4% (Total),Moderate (Qualitative),Very Good (Qualitative),â‚¬3.43 million,â‚¬441.0 million,Very Good (Qualitative)
"1,672.12 t COâ‚‚e",63.07 t COâ‚‚e,"14,659.27 t COâ‚‚e (Operational) / 1.7 million t COâ‚‚e (Financed)",Very Good,0.992,3615000,45.5% (Board) / 49.9% (Workforce),Very Good,Very Good,â‚¬2.426 billion (Loans) / 1.54% (GAR),2660543000,Very Good
"1,305 t COâ‚‚e",106 t COâ‚‚e,"2,471 t COâ‚‚e",Very Good,1,652000,0.414,Very Good,Very Good,â‚¬607.2 million,"â‚¬1,070.8 million",Very Good
"1,526 t COâ‚‚e",361 t COâ‚‚e,"12,643 t COâ‚‚e",Very Good,0.675,99720,0.47,Very Good,Very Good,â‚¬ 442.7 million,â‚¬ 762 million,Very Good
250 t COâ‚‚e (0.25 '000 tonnes COâ‚‚e),50 t COâ‚‚e (0.05 '000 tonnes COâ‚‚e) (Market-based),,Very Good (Qualitative),1,Qualitative,0.27,Very Good (Qualitative),Very Good (Qualitative),$27.6bn,"â‚¬1,275m",Very Good (Qualitative)
"1,331 t COâ‚‚e","1,009 t COâ‚‚e (market-based); 2,881 t COâ‚‚e (location-based)","284 t COâ‚‚e (Air travel); 2,731 kt COâ‚‚e (Financed)",Qualitative: Robust (Target-driven),1,1.1 million â‚¬,58% (Total); 35% (Management); 44% (Supervisory Board),Qualitative: Comprehensive management,Qualitative: Multi-level Governance,1.15% (GAR); Target >1.6 billion â‚¬ annually,"3,120.1 million â‚¬",Qualitative: High (Verified)
"1,286 t COâ‚‚e",410 t COâ‚‚e,"1,717 t COâ‚‚e",Very Good,0.52,EUR 1.14 million,0.274,Very Good,Very Good,EUR 1.496 billion,"EUR 1,441 million (Pre-tax result)",Very Good
"5,343 t COâ‚‚e",79 t COâ‚‚e,"19,714,932 t COâ‚‚e",Very Good,0.95,â‚¬37 million,0.409,Very Good,Very Good,â‚¬2.5 billion,"â‚¬1,115 million",Very Good
146 t COâ‚‚e,59 t COâ‚‚e,"2,667,000 t COâ‚‚e (2,667 ktonnes)",Very Good,100% (Electricity),EUR 120 million,0.3417,Very Good,Very Good,EUR 6.3 billion,EUR 516 million,Very Good
310 kg COâ‚‚e / FTE / year (Buildings),Included in 310 kg COâ‚‚e / FTE / year,715 kg COâ‚‚e / FTE / year (Business Travel),Documented/Active,65% (Energy Production Portfolio),> â‚¬90 million,37.1% (Senior Management Positions),Documented/Comprehensive,Documented/Structured,â‚¬117 billion (Loans) / â‚¬67 billion (Bonds),â‚¬46.9 billion (Distributable),High / Transitioning
"66,775 t COâ‚‚e","634,510 t COâ‚‚e (Location-based); 17,794 t COâ‚‚e (Market-based)","~2,010,264 t COâ‚‚e (Operational); 33,342,000 t COâ‚‚e (Financed)",Qualitative: Very Good,1,"$174,704 Million (Cumulative)",,,Qualitative: Very Good,"$157,947 Million (2022); $410,098 Million (Cumulative)","â‚¬6,650â€¯million",Qualitative: Very Good
"~31,740 t COâ‚‚e (Estimated)","~74,060 t COâ‚‚e (Estimated)","423,200 t COâ‚‚e (Indirect)",Very Good,0.97,â‚¬25.1 billion,,Very Good,Very Good,â‚¬11.3 billion,â‚¬22.2 billion,Very Good
"12,195 t COâ‚‚e","26,457 t COâ‚‚e (Location-based); 1,001 t COâ‚‚e (Market-based)","3,649,550 t COâ‚‚e",Documented: 2022-2030 Energy Plan,100% (rounded from 99.55%),(Specific total â‚¬ not reported in TCFD),Targets: 25% (Execs); 33% (Mid-managers + Execs),Documented: UN EN ISO 14001/50001 and WELL/LEED certifications,Documented: Formal structure with BoD and Internal Committees,â‚¬3.8 billion (Total disbursement as of 31.12.2023),â‚¬4.92â€¯billion,Documented: Limited Assurance Engagement
"7,600 t COâ‚‚e",360.7 t COâ‚‚e,"55,600 t COâ‚‚e (Upstream)",Very Good,1,â‚¬456 million,55.59% (Workforce),Very Good,Very Good,â‚¬7.1 billion,"â‚¬2,014 million",Very Good
t COâ‚‚e,t COâ‚‚e,Qualitative Assessment,Qualitative: Very Good,%,â‚¬ 39.9 million,0.348,,Qualitative: Very Good,â‚¬ 1.3 billion,"â‚¬1,291 million",Qualitative: Very Good
"8,423.34 t COâ‚‚e","0 t COâ‚‚e (Market-based); 29,383.94 t COâ‚‚e (Location-based)","221,863.91 t COâ‚‚e (Operational); 13,664 kt COâ‚‚e (Financed S1+2)",Very Good,1,â‚¬538 M,43% (Management); 40% (Board),Very Good,Very Good,"â‚¬50,813 M (Mobilized); â‚¬9,330 M (Green financing)",â‚¬15.14 billion,Very Good
"7,123.87 t COâ‚‚e","16,492.32 t COâ‚‚e (Location-based); 1,161.95 t COâ‚‚e (Market-based)","1,648.18 t COâ‚‚e",Very Good,96% (Purchased electricity); 56.79% (Total energy consumption),42.5 million â‚¬,43.32% (Total Employees); 7.77% (Dirigenti); 33% (Board),Very Good,Very Good,1.00% (Green Asset Ratio - CapEx); 2.1 billion â‚¬ (Ethical AUM),"4,220 million â‚¬",Very Good
455 t COâ‚‚e,"7,226 t COâ‚‚e",321 t COâ‚‚e,Qualitative description of targets and specific actions,100% (purchased electricity),"$2,000,000 (Regional) / â‚¬250,000 (Local)",30% (Board) / 40% (AVP+),Qualitative description of wellness program,Qualitative description of governance roles,$155m (Turnover) / $282m (CapEx),"$4,347 million",Qualitative description of compliance
"46,582 t COâ‚‚e","28,927 t COâ‚‚e (Market-based)","77,004 t COâ‚‚e",Documented: Net Zero Commitment,1,$86 Million (USD),49.4% (Total Workforce),Documented: Global Rating,Documented: Board Oversight,$92.7 Billion (USD),â‚¬414.2â€¯million,Documented: Externally Assured
"17,418 t COâ‚‚e","12,867 t COâ‚‚e (Market-based)","46,306 t COâ‚‚e (Operational)",Very Good (Qualitative),â‚¬9bn (Financing volume),690113,0.361,Very Good (Qualitative),Very Good (Qualitative),â‚¬238bn,"10,461 Milliarden Euro",Very Good (Qualitative)
"25,156 t COâ‚‚e","14,162 t COâ‚‚e","435,757 t COâ‚‚e (Org) / 53.9m t COâ‚‚e (Financed)",Qualitative: Very Good,"â‚¬3,413m (Total) / 28% (Real Estate)",â‚¬439 million,42% (Local) / 34% (Federal) / 56% (Workforce),Qualitative: Moderate,Qualitative: Very Good,"â‚¬50,247 million","â‚¬18,701 million",Qualitative: Very Good
"73,000 t COâ‚‚e",Included in Scope 1,"48,800,000 t COâ‚‚e",Very Good,"â‚¬4,559 million",â‚¬40.1 million,44% (Board),Very Good,Very Good,"â‚¬34,227 million","â‚¬15,405 million",Very Good
"60,241.9 t COâ‚‚e (documented as 60,241,918 KG COâ‚‚)",9.3 (relative unit in model),84 t COâ‚‚e/Mâ‚¬ (Intensity),Very Good,0.5,â‚¬60 million,,Moderate,Very Good,â‚¬17 billion,â‚¬373.4 billion,Very Good
"2,723.7 t COâ‚‚e",620.0 t COâ‚‚e (Market-based),"3,582,302.6 t COâ‚‚e",Qualitative: Very Good,0.636,1604000,0.3936,Qualitative: Very Good,Qualitative: Very Good,461000000,2077860000,Qualitative: Very Good
"2,963 t COâ‚‚e (Total Scope 1, 2, & partial 3)","Included in 2,963 t COâ‚‚e total",1.3 Mt COâ‚‚e (Baseline),Very Good (Qualitative),(Not specified as %),86200,25% (Board of Directors),Very Good (Qualitative),Very Good (Qualitative),â‚¬1.35 billion (Green Bonds),,Very Good (Qualitative)
201 t COâ‚‚e,"1,753 t COâ‚‚e","7,338 t COâ‚‚e",Very Good,0.53,DKK 7.1 million,0.51,Very Good,Very Good,DKK 365 billion,"DKK 52,445 million",Very Good
"1,433 t COâ‚‚e","2,067 t COâ‚‚e","3,103 t COâ‚‚e",Very Good,1,â‚¬1.31 million,38.9% (Total); 23.9% (Leadership),Very Good,Very Good,â‚¬59.8 billion,"â‚¬5,707 million",Very Good
"1,480 t COâ‚‚e",485 t COâ‚‚e,"1,659 t COâ‚‚e",Goal: Climate neutrality by 2045,100% (Electricity),515000,47% (Total workforce),Corporate Health Award (Excellence),Board-level responsibility,1.46 Mio. â‚¬ (GAR assets),"1,196 Mio. â‚¬",Limited Assurance
"18,735 t COâ‚‚e","26,079 t COâ‚‚e (Market-based)","1,286,521 t COâ‚‚e (Operational) / 63.5 MtCO2e/y (Financed)",Very Good,0.97,â‚¬ 52.6 million,46.3% (Total) / 32.3% (Senior Titles),Moderate,Very Good,â‚¬ 279 billion (Cumulative),"~â‚¬ 28,876 million (Net Revenue)",Very Good
374 t COâ‚‚,6 t COâ‚‚ (market-based),959 t COâ‚‚,Very Good (Qualitative Assessment),(Not quantified as a total %),,,Moderate (Qualitative Assessment),Very Good (Qualitative Assessment),â‚¬ 103 million (Taxonomy-aligned),â‚¬603â€¯million.,Very Good (Qualitative Assessment)
"2,051.81 t COâ‚‚e","1,515.15 t COâ‚‚e","370,186 t COâ‚‚e",Documented Strategy,0.492,"BGN 1,323,375",0.772,Documented Initiatives,ESG Committee,"BGN 2,126 million","BGN 1,173,071,000",Regulatory Compliance
"20,813.67 t COâ‚‚e","7,658.97 t COâ‚‚e","54,870.51 t COâ‚‚e",Very Good,~96%,â‚¬3.8 million,0.461,Very Good,Very Good,â‚¬7.38 billion,"â‚¬3,189 million",Very Good
"18,701 t COâ‚‚e","13,153 t COâ‚‚e (Market-based)","28,300,000 t COâ‚‚e (Category 15)",Very Good,0.91,â‚¬31.7 million,0.589,Moderate,Very Good,"â‚¬2,950.0 million",EUR 10.552 billion,Very Good
"4,631.2 t COâ‚‚e","2,582.0 t COâ‚‚e","4,423.4 t COâ‚‚e",Qualitative Assessment,100% (of direct electricity),â‚¬5.3 million,60% (Total),Qualitative Assessment,Qualitative Assessment,â‚¬1.256 billion (Investments),,Qualitative Assessment
"5,067,100 t COâ‚‚e (Financed) / 1.10 t COâ‚‚e/â‚¬m (Operational)","1,607,100 t COâ‚‚e (Financed) / 9.01 t COâ‚‚e/â‚¬m (Operational)","24,313,100 t COâ‚‚e (Financed) / 1.90 t COâ‚‚e/â‚¬m (Operational)",Very Good,0.9804,â‚¬17 million (Sponsorships) / â‚¬12 million (egg accelerator),65% (Headcount) / 50% (Management),Very Good,Very Good,â‚¬2.18 billion,"â‚¬2,803 million (Operating Income)",Very Good
281 t COâ‚‚e,0 t COâ‚‚e (Market-based) / 796 t COâ‚‚e (Location-based),941 t COâ‚‚e,Very Good,0.71,879030,55% (Board) / 34.6% (Management),Very Good,Very Good,â‚¬ 20.8 million,â‚¬ 1.893 billion,Very Good
"13,842 t COâ‚‚e","9,252 t COâ‚‚e (Market-based); 155,105 t COâ‚‚e (Location-based)","79,915 t COâ‚‚e",Very Good,1,+3B(Philanthropic);+19B (Community Loans/Investments),63% (Small/Diverse Spend),Moderate,Very Good,~$555B (Cumulative),"$46,254 million",Very Good
20 t COâ‚‚e,444 t COâ‚‚e,"2,885,432 t COâ‚‚e",Very Good,1,997402,37.5 % (Total),Very Good,Very Good,â‚¬606 million,â‚¬427 million (Pre-tax profit),Very Good
1.301 t COâ‚‚e,"563,3 t COâ‚‚e","8.546,4 t COâ‚‚e",Very Good,~80 %,"7,5 Mio. â‚¬","55,7 % (Gesamt)",Very Good,Very Good,278 Mio. â‚¬,"1,081 Mrd. â‚¬ (WertschÃ¶pfung)",Very Good
"16,918 t COâ‚‚e","167,174 t COâ‚‚e","1,090,280 t COâ‚‚e (Operations & Supply Chain)",Documented Ambition,0.584,$107.3m,0.341,Qualitative Feedback,Formal Board Oversight,$294.4bn,$66.1bn,Limited Assurance
777.74 t COâ‚‚e,56.72 t COâ‚‚e,"1,620,828 t COâ‚‚e",Very Good,1,19727680,49.3% (Workforce),Very Good,Very Good,3440000000,1256916000,Very Good
t COâ‚‚e,t COâ‚‚e,t COâ‚‚e,Qualitative: Very Good,%,â‚¬ or local currency,Qualitative: Very Good,Qualitative,Qualitative: Very Good,â‚¬0.35 billion,"â‚¬5,589,733 thousand",Qualitative: Very Good
6 kt COâ‚‚e,8 kt COâ‚‚e,14 kt COâ‚‚e (Travel); 57.3 Mt COâ‚‚e (Financed),Qualitative: Documented Targets,0.98,â‚¬18.7 million,31% (Senior Mgmt); 49% (Total),"Qualitative: Documented ""Vitality"" approach",Qualitative: Formal Committee Oversight,â‚¬115 billion,"â‚¬22,575 million",Qualitative: Limited Assurance
"50,475 t COâ‚‚e","18,591 t COâ‚‚e","55,893 t COâ‚‚e",Very Good,0.882,â‚¬101.1 million,0.54,Very Good,Very Good,â‚¬11.0 billion,â‚¬25.9 billion,Very Good
t COâ‚‚e,t COâ‚‚e,t COâ‚‚e,Qualitative,%,â‚¬ or local currency,%,Qualitative,Qualitative,â‚¬ or local currency,3430153,Qualitative
t COâ‚‚e,t COâ‚‚e,t COâ‚‚e,Qualitative: Comprehensive / Targeted,%,USD ($),%,Qualitative: High Engagement,Qualitative: Multi-level Oversight,USD ($),â‚¬5.62 billion,Qualitative: High / Independent
"29,047 t COâ‚‚e","3,995 t COâ‚‚e","56,081,123 t COâ‚‚e",Very Good (Qualitative),100% (Electricity) / 62% (Energy Loans),â‚¬20.3 million,57% (Workforce) / 25% (Senior Mgmt),Very Good (Qualitative),Very Good (Qualitative),â‚¬19.3 billion (Env) / â‚¬7.4 billion (Social),â‚¬11.224 billion,Very Good (Qualitative)
"2,987 t COâ‚‚e","1,235 t COâ‚‚e","13,044 t COâ‚‚e",Qualitative: 1.5Â°C Alignment / Decarbonization,69.1% (Total Energy),"EUR 144,190",48.1% (Total Group),Qualitative: Structured Management,Qualitative: Executive Responsibility,EUR 38.9 billion,EUR 724.4 billion,Qualitative: GRI/TCFD Compliant
t COâ‚‚e (Not Disclosed),t COâ‚‚e (Not Disclosed),"81,366 t COâ‚‚e (Avoided/Reduced)",Very Good,0.01,(Blank),(Blank),Moderate (Qualitative),Very Good,"EUR 4,795 million",,Very Good
,,,Very Good (Qualitative),,â‚¬306.43 million,0.54,Moderate/Good (Qualitative),Very Good (Qualitative),"â‚¬2,116 million","â‚¬1,735.4 million",Moderate (Qualitative)
"13,856 t COâ‚‚e","1,809 t COâ‚‚e","10,367,000 t COâ‚‚e (10,367 kt COâ‚‚e)",Net Zero ambition by 2040 (SBTi-validated),0.924,"> â‚¬3,000,000",,Qualitative: Integrated in GII,Qualitative: Fully integrated,1600000000,â‚¬7.255 billion,Qualitative: TCFD & TNFD aligned
"5,548.9 t COâ‚‚e","7,326.0 t COâ‚‚e","12.3 Mio. t COâ‚‚e (Financed) + 2,827.2 t COâ‚‚e (Operational)",Qualitative: Very Good,0.967,1119000,51 % (Total) / 27.2 % (Management),Qualitative: Very Good,Qualitative: Very Good,"42,484 Mio. â‚¬","3,781 Mio. â‚¬",Qualitative: Very Good
"2,034 t COâ‚‚e",835 t COâ‚‚e,"3,522 t COâ‚‚e (Operational) / 40.1 million t COâ‚‚e (Financed)",Goal: -30% (Ops) / Neutrality (Ops),100% (Owned props) / 89.4% (Total group),â‚¬1.2 million,25.7% (Leadership),Comprehensive Management,Executive responsibility,â‚¬80.6 billion,"â‚¬2,880 million",GRI-aligned / Audited NFE
281 t COâ‚‚e,"2,017 t COâ‚‚e","1,443 t COâ‚‚e",Moderate / Good (Qualitative),100% (Commitment),342500,58.91% (Total) 28.13% (Mgmt),Good (Qualitative),Good (Qualitative),â‚¬22.61 Billion (Eligible),917030126,Moderate (Qualitative)
"3,675.3 t COâ‚‚e","1,146.3 t COâ‚‚e","2,609,423.7 t COâ‚‚e",Qualitative: Very Good,0.77,475000,0.387,Qualitative: Very Good,Qualitative: Very Good,â‚¬713.2 million,"â‚¬1,438.7 million",Qualitative: Very Good
"2,765 t COâ‚‚e (Aggregate)","2,765 t COâ‚‚e (Aggregate)","2,332,000 t COâ‚‚e (Financed)",Very Good,0.42,137000,22% (Council) / 69% (Total),Very Good,Very Good,â‚¬108 million,â‚¬646.1 million,Very Good
t COâ‚‚e,t COâ‚‚e,t COâ‚‚e,Qualitative,%,â‚¬,%,Qualitative,Qualitative,â‚¬,â‚¬11.9 million,Qualitative
"2,885 t COâ‚‚e",43 t COâ‚‚e,"3,451 t COâ‚‚e (Direct) / 11.21M t COâ‚‚e (Financed)",Very Good,1,â‚¬6.5 Million,42% (Workforce) / 20% (Key positions),Moderate,Very Good,29% (CIB) / â‚¬200M (Consumer),â‚¬2.64 Billion,Very Good
"24,201 mtCOâ‚‚e","229,954 mtCOâ‚‚e (Location-based); 31,804 mtCOâ‚‚e (Market-based)","98,289 mtCOâ‚‚e (Operational); 4,558,983 tCOâ‚‚e (Financed - 2022)",Very Good,1,$160+ million (USD),40% (Overall); 29% (Officers),Very Good,Very Good,$820+ billion (USD),"$54,143 million (USD)",Very Good
t COâ‚‚e,460.51 t COâ‚‚e,"653,290 t COâ‚‚e",Qualitative assessment,1,"~â‚¬19,000",48.6% (Total),Qualitative assessment,Qualitative assessment,"â‚¬5,200.8 million",456433000,Qualitative assessment
"1,597 t COâ‚‚e","2 t COâ‚‚e (Market-based) / 19,761 t COâ‚‚e (Location-based)","58,337 t COâ‚‚e (Non-financed) / 16,105 kt COâ‚‚e (Financed)",Very Good,99.9% (Electricity) / 87% (Total energy),â‚¬17.5 million (Total commitment),31% (Board) / 45% (Managerial) / 54% (Total),Very Good,Very Good,"â‚¬1,981 million (RES Balances) / â‚¬468 million (Green RRF)","â‚¬2,554 million",Very Good
"12,922 t COâ‚‚e","51,829 t COâ‚‚e (Location-based)","603,827 t COâ‚‚e",Very Good,1,Â£11.1 million,40% (Board),Moderate,Very Good,Â£29.3 billion,"Â£14,752 million",Very Good
29.58 t COâ‚‚e,0 t COâ‚‚e,33.8 t COâ‚‚e (Office Operations),Qualitative: Documented as Science-Based Targets (SBTi) commitment,100% (Electricity),125000,40.5% (Total Workforce),Qualitative: Documented Management System,Qualitative: Documented via SAB and Board committees,"â‚¬24,199 million (Total Outstanding)",~â‚¬246â€¯million,Qualitative: High (External standards applied)
"7,147 mt COâ‚‚e","96,117 mt COâ‚‚e (Location-based); 1,289 mt COâ‚‚e (Market-based)","19,825 mt COâ‚‚e (Business Travel); 3.3M mt COâ‚‚e (Oil & Gas 2020 Baseline)",Very Good,1,$36.3 Million,45% (Board); 40% (Global Workforce),Moderate,Very Good,$52 Billion,"$17,502 Million",Very Good
"1,300 t COâ‚‚e",726 t COâ‚‚e (Market-based),"2,101 t COâ‚‚e",Qualitative: Strategic commitment to Paris Agreement,45.87% (Total energy),"â‚¬1,326 thousand",49.2% (Workforce),Qualitative: ISO 45001 alignment / BGM system,Qualitative: Comprehensive oversight,â‚¬2.5 billion (Green Bonds),â‚¬1.3â€¯billion,Qualitative: GRI 2021 / PRB / Limited Assurance
"1,142 t COâ‚‚e","3,116 t COâ‚‚e","16,114 t COâ‚‚e (Internal Ops) / 16,503,102 t COâ‚‚e (Financed)",Very Good,1,"10,415 volunteer hours / 216,000 youth supported",52% Total Workforce / 40% Senior Leadership,Moderate,Very Good,"EUR 135bn (Facilitated) / EUR 12,108m (Green Loans)","EUR 11,743m",Very Good
"1,673 t COâ‚‚e",22 t COâ‚‚e (Market-based),"1,103 t COâ‚‚e",Qualitative: Very Good,0.99,850000,47.8% (Total Workforce),Qualitative: Very Good,Qualitative: Very Good,â‚¬25.38 million (GAR Stock),â‚¬602.8 million,Qualitative: Very Good
187 t COâ‚‚e,95 t COâ‚‚e,5.22 million t COâ‚‚e,-25% by 2030 (Portfolio),0.992,â‚¬4.9 million,31% / 45%,3.2% / 0.6,Board + ESG Committee,â‚¬6.6 billion,"â‚¬4,501 million",GRI / Externally Assured
"31,270 t COâ‚‚e","39,379 t COâ‚‚e (Market-based)","4,618 t COâ‚‚e (Operations only)",Qualitative: Very Good,0.21,HUF 5.0 billion,16% (Board of Directors),Qualitative: Very Good,Qualitative: Very Good,HUF 656 billion,"HUF 2,224,584 million",Qualitative: Very Good
"1,238.41 t COâ‚‚e",0.00 t COâ‚‚e (Market-based),"18,532,127.85 t COâ‚‚e (Financed S1+S2+S3)",Qualitative: Very Good,1,â‚¬4 million,58% (Total Workforce),Qualitative: Very Good,Qualitative: Very Good,â‚¬2.7 billion,"â‚¬2,607 million",Qualitative: Very Good
"16,918 t COâ‚‚e","167,174 t COâ‚‚e","1,090,280 t COâ‚‚e (Upstream only)",Qualitative: Very Good,0.584,$105 million (Cumulative),34.1% (Senior Leadership),Qualitative: Very Good,Qualitative: Very Good,$83.7 billion (2023 annual),"$66,058 million",Qualitative: Very Good
"12,403 t COâ‚‚e","33,526 t COâ‚‚e","43,450 t COâ‚‚e (Operational); 17.07 Mio. t COâ‚‚e (Financed)",Very Good,0.48,10519908,35 % (Management); 63 % (Total staff),Very Good,Very Good,"11,049 Mio. â‚¬ (Total); 5,525 Mio. â‚¬ (Green)","14,091 Mio. â‚¬",Very Good
"65,884.68 t COâ‚‚e","21,630.76 t COâ‚‚e","3,881,230 t COâ‚‚e",Qualitative: Very Good,~25% (Group); ~65.6% (RLB OÃ–),RLB Social Fund,41.81% (Group Employees); 33.33% (Board/AR),Qualitative: Very Good,Qualitative: Very Good,> EUR 7.0 billion,"EUR 3,731.51 million",Qualitative: Very Good
"41,198.54 t COâ‚‚e (Group) / 2,529.77 t COâ‚‚e (Bank)","62,839.80 t COâ‚‚e (Group) / 3,411.95 t COâ‚‚e (Bank)",1.32 Million t COâ‚‚e (Financed),Very Good (Qualitative),37.0% (Group) / 92.0% (Bank),"EUR 1,993,372.9",34.8% (Workforce) / 15.0% (Board),Very Good (Qualitative),Very Good (Qualitative),"EUR 4,374,277,000","EUR 4,612,341,400",Very Good (Qualitative)
"12,922 t COâ‚‚e","51,829 t COâ‚‚e (Location-based) / 146 t COâ‚‚e (Market-based)","603,827 t COâ‚‚e",Very Good,1,Â£11.1 million,40% (Board) / 41% (Top 3 layers),Moderate,Very Good,Â£29.3 billion (2023),"Â£14,752 million",Very Good
,,"2,483,388 t COâ‚‚e",Very Good,,923 Caremakers loans,52% (Parity); 42% (Executives),Very Good,Very Good,â‚¬1.25 Billion,"â‚¬1,961 Million (NBI)",Very Good
t COâ‚‚e,t COâ‚‚e,t COâ‚‚e,"Qualitative: Documented as ""Ambitious""",%,â‚¬,%,Qualitative: High (Validated by Social Barometer),Qualitative: Structured and Integrated,â‚¬,,Qualitative: High (Validated)
"24,777 t COâ‚‚e","75,743 t COâ‚‚e","67,478 t COâ‚‚e",Qualitative: Target to reduce internal carbon footprint by 50% by 2030 vs 2019.,%,â‚¬1 billion,%,Qualitative,Qualitative: Board validates climate strategy and oversees implementation.,â‚¬300 billion,EUR 25.1 billion,Qualitative: Aligned with TCFD and GFANZ recommendations.
"7,559 t COâ‚‚e","50,878 t COâ‚‚e (Location-based); 180 t COâ‚‚e (Market-based)","293,296 t COâ‚‚e (Aggregate)",46.2% reduction target by 2030,Not provided as total %,$25.8 million,33% (Board); 39% (SVP+); 31% (MD); 32% (VP),Not qualitatively rated,Formalized Committee Structure,$650 billion (ESG AUM); $365.8 million (Bonds),,Independent limited assurance
692 t COâ‚‚e,"3,678 t COâ‚‚e","15,407 t COâ‚‚e",Very Good,0.999,SEK 119m,61% (Workforce),Very Good,Very Good,"SEK 86,460m","SEK 73,057m",Very Good
"48,522 t COâ‚‚e (Combined Scope 1 & 2)","48,522 t COâ‚‚e (Combined Scope 1 & 2)","168,688 t COâ‚‚e",45.9 million metric t COâ‚‚e (Fossil Fuels sector),Moderate to Very Good (Qualitative),0.956,USD 62.6 million,29.5 % (Director level and above),Moderate (Qualitative),Very Good (Qualitative),USD 292.3 billion,EUR 53.9 billion
"2,261 t COâ‚‚e",481 t COâ‚‚e,"10,409,489 t COâ‚‚e",Very Good,100% (Electricity),1354640,54.3% (Workforce) / 35.71% (Board),Very Good,Very Good,1300000000,â‚¬1.40â€¯billion,Very Good
"26,072 t COâ‚‚e","21,399 t COâ‚‚e (Market-based)","29,683 t COâ‚‚e (Operational)",Very Good,0.904,â‚¬59.6 million,42% (BoD); 46% (GEC),Very Good,Very Good,â‚¬82 billion (Total ESG volumes),"â‚¬42,166 million (Total Income items)",Very Good
428.67 t COâ‚‚e,188.93 t COâ‚‚e,,Qualitative: Very Good,1,46191.23,0.352,Qualitative: Very Good,Qualitative: Very Good,â‚¬154.8 million,,Qualitative: Very Good
308.47 t COâ‚‚e,127.347 t COâ‚‚e,6.334 t COâ‚‚e,Moderate (Qualitative),1,"664,000 CZK",18% (Management),Very Good (Qualitative),Moderate (Qualitative),CZK (Not Aggregated),"14,615 million CZK",Moderate (Qualitative)
t COâ‚‚e,t COâ‚‚e,t COâ‚‚e,Qualitative,%,Local Currency,0.604,Qualitative,Qualitative,â‚¬500.0 million,â‚¬525.5 million,Qualitative
