dataset,mode,source,target,frequency,mean_weight,sign_if_available,passes_60_percent,passes_80_percent,forbidden_edge,required_edge
real,constrained,board_strategy_esg_oversight_score,renewable_energy_share,0.3333333333333333,0.25376666666666664,unsigned_probability,False,False,False,False
real,constrained,board_strategy_esg_oversight_score,scope_1_emissions_tco2e,0.3333333333333333,0.19036666666666666,unsigned_probability,False,False,False,False
real,constrained,community_investment_eur,gov_pillar_score,0.3333333333333333,0.21126666666666669,unsigned_probability,False,False,False,False
real,constrained,community_investment_eur,green_financing_eur,0.3333333333333333,0.2083,unsigned_probability,False,False,False,False
real,constrained,community_investment_eur,health_safety_score,0.3333333333333333,0.2101666666666667,unsigned_probability,False,False,False,False
real,constrained,community_investment_eur,reporting_quality_score,0.3333333333333333,0.25233333333333335,unsigned_probability,False,False,False,False
real,constrained,community_investment_eur,total_revenue_eur,0.3333333333333333,0.24883333333333335,unsigned_probability,False,False,False,False
real,constrained,diversity_representation,board_strategy_esg_oversight_score,0.3333333333333333,0.23256666666666667,unsigned_probability,False,False,False,False
real,constrained,diversity_representation,emission_reduction_policy_score,0.3333333333333333,0.2612333333333334,unsigned_probability,False,False,False,False
real,constrained,diversity_representation,green_financing_eur,0.6666666666666666,0.24203333333333332,unsigned_probability,True,False,False,False
real,constrained,diversity_representation,overall_esg_score,0.3333333333333333,0.20936666666666667,unsigned_probability,False,False,False,False
real,constrained,diversity_representation,reporting_quality_score,1.0,0.31729999999999997,unsigned_probability,True,True,False,False
real,constrained,diversity_representation,scope_1_emissions_tco2e,0.6666666666666666,0.25379999999999997,unsigned_probability,True,False,False,False
real,constrained,diversity_representation,scope_3_emissions_tco2e,0.3333333333333333,0.21613333333333332,unsigned_probability,False,False,False,False
real,constrained,emission_reduction_policy_score,community_investment_eur,0.3333333333333333,0.205,unsigned_probability,False,False,False,False
real,constrained,emission_reduction_policy_score,env_pillar_score,0.3333333333333333,0.2265,unsigned_probability,False,False,False,False
real,constrained,emission_reduction_policy_score,gov_pillar_score,0.3333333333333333,0.20876666666666668,unsigned_probability,False,False,False,False
real,constrained,emission_reduction_policy_score,overall_esg_score,0.3333333333333333,0.19773333333333332,unsigned_probability,False,False,False,False
real,constrained,emission_reduction_policy_score,reporting_quality_score,0.3333333333333333,0.18206666666666668,unsigned_probability,False,False,False,False
real,constrained,emission_reduction_policy_score,scope_2_emissions_tco2e,0.3333333333333333,0.20966666666666667,unsigned_probability,False,False,False,False
real,constrained,emission_reduction_policy_score,scope_3_emissions_tco2e,0.6666666666666666,0.2237,unsigned_probability,True,False,False,False
real,constrained,env_pillar_score,board_strategy_esg_oversight_score,0.3333333333333333,0.21960000000000002,unsigned_probability,False,False,False,False
real,constrained,env_pillar_score,community_investment_eur,0.3333333333333333,0.22546666666666668,unsigned_probability,False,False,False,False
real,constrained,env_pillar_score,green_financing_eur,0.3333333333333333,0.24443333333333336,unsigned_probability,False,False,False,False
real,constrained,env_pillar_score,scope_1_emissions_tco2e,0.3333333333333333,0.23370000000000002,unsigned_probability,False,False,False,False
real,constrained,env_pillar_score,scope_2_emissions_tco2e,0.3333333333333333,0.20933333333333334,unsigned_probability,False,False,False,False
real,constrained,env_pillar_score,scope_3_emissions_tco2e,0.3333333333333333,0.20413333333333336,unsigned_probability,False,False,False,False
real,constrained,env_pillar_score,total_revenue_eur,0.3333333333333333,0.21296666666666667,unsigned_probability,False,False,False,False
real,constrained,gov_pillar_score,community_investment_eur,0.3333333333333333,0.2148,unsigned_probability,False,False,False,False
real,constrained,gov_pillar_score,diversity_representation,0.3333333333333333,0.2302,unsigned_probability,False,False,False,False
real,constrained,gov_pillar_score,emission_reduction_policy_score,0.3333333333333333,0.19833333333333333,unsigned_probability,False,False,False,False
real,constrained,gov_pillar_score,env_pillar_score,0.6666666666666666,0.23723333333333332,unsigned_probability,True,False,False,False
real,constrained,gov_pillar_score,green_financing_eur,0.6666666666666666,0.2942,unsigned_probability,True,False,False,False
real,constrained,gov_pillar_score,health_safety_score,0.3333333333333333,0.17526666666666665,unsigned_probability,False,False,False,False
real,constrained,gov_pillar_score,renewable_energy_share,1.0,0.28646666666666665,unsigned_probability,True,True,False,False
real,constrained,gov_pillar_score,reporting_quality_score,0.3333333333333333,0.19966666666666666,unsigned_probability,False,False,False,False
real,constrained,gov_pillar_score,scope_2_emissions_tco2e,0.3333333333333333,0.21373333333333333,unsigned_probability,False,False,False,False
real,constrained,gov_pillar_score,total_revenue_eur,0.6666666666666666,0.25076666666666664,unsigned_probability,True,False,False,False
real,constrained,green_financing_eur,community_investment_eur,0.3333333333333333,0.2178,unsigned_probability,False,False,False,False
real,constrained,green_financing_eur,emission_reduction_policy_score,0.3333333333333333,0.21843333333333334,unsigned_probability,False,False,False,False
real,constrained,green_financing_eur,health_safety_score,0.3333333333333333,0.20266666666666666,unsigned_probability,False,False,False,False
real,constrained,green_financing_eur,reporting_quality_score,0.3333333333333333,0.2322,unsigned_probability,False,False,False,False
real,constrained,green_financing_eur,scope_3_emissions_tco2e,0.3333333333333333,0.22473333333333334,unsigned_probability,False,False,False,False
real,constrained,health_safety_score,community_investment_eur,0.3333333333333333,0.21580000000000002,unsigned_probability,False,False,False,False
real,constrained,health_safety_score,diversity_representation,0.3333333333333333,0.22023333333333336,unsigned_probability,False,False,False,False
real,constrained,health_safety_score,env_pillar_score,0.3333333333333333,0.20476666666666665,unsigned_probability,False,False,False,False
real,constrained,health_safety_score,gov_pillar_score,0.3333333333333333,0.2026,unsigned_probability,False,False,False,False
real,constrained,health_safety_score,renewable_energy_share,0.6666666666666666,0.25199999999999995,unsigned_probability,True,False,False,False
real,constrained,health_safety_score,reporting_quality_score,0.3333333333333333,0.25993333333333335,unsigned_probability,False,False,False,False
real,constrained,health_safety_score,scope_2_emissions_tco2e,0.6666666666666666,0.22496666666666668,unsigned_probability,True,False,False,False
real,constrained,health_safety_score,scope_3_emissions_tco2e,0.3333333333333333,0.1872,unsigned_probability,False,False,False,False
real,constrained,health_safety_score,total_revenue_eur,0.6666666666666666,0.27576666666666666,unsigned_probability,True,False,False,False
real,constrained,overall_esg_score,board_strategy_esg_oversight_score,1.0,0.2764,unsigned_probability,True,True,False,False
real,constrained,overall_esg_score,emission_reduction_policy_score,0.3333333333333333,0.23453333333333334,unsigned_probability,False,False,False,False
real,constrained,overall_esg_score,env_pillar_score,0.6666666666666666,0.2783,unsigned_probability,True,False,False,False
real,constrained,overall_esg_score,green_financing_eur,0.3333333333333333,0.2511666666666667,unsigned_probability,False,False,False,False
real,constrained,overall_esg_score,health_safety_score,0.3333333333333333,0.2252333333333333,unsigned_probability,False,False,False,False
real,constrained,overall_esg_score,reporting_quality_score,0.3333333333333333,0.2358333333333333,unsigned_probability,False,False,False,False
real,constrained,overall_esg_score,scope_1_emissions_tco2e,0.3333333333333333,0.20166666666666666,unsigned_probability,False,False,False,False
real,constrained,overall_esg_score,scope_3_emissions_tco2e,0.3333333333333333,0.18506666666666663,unsigned_probability,False,False,False,False
real,constrained,renewable_energy_share,community_investment_eur,0.3333333333333333,0.24236666666666665,unsigned_probability,False,False,False,False
real,constrained,renewable_energy_share,emission_reduction_policy_score,0.3333333333333333,0.19179999999999997,unsigned_probability,False,False,False,False
real,constrained,renewable_energy_share,env_pillar_score,0.3333333333333333,0.2697,unsigned_probability,False,False,False,False
real,constrained,renewable_energy_share,overall_esg_score,0.3333333333333333,0.22856666666666667,unsigned_probability,False,False,False,False
real,constrained,renewable_energy_share,scope_1_emissions_tco2e,0.6666666666666666,0.26130000000000003,unsigned_probability,True,False,False,False
real,constrained,renewable_energy_share,scope_3_emissions_tco2e,0.3333333333333333,0.207,unsigned_probability,False,False,False,False
real,constrained,renewable_energy_share,total_revenue_eur,0.3333333333333333,0.21883333333333332,unsigned_probability,False,False,False,False
real,constrained,reporting_quality_score,board_strategy_esg_oversight_score,0.6666666666666666,0.23066666666666666,unsigned_probability,True,False,False,False
real,constrained,reporting_quality_score,community_investment_eur,0.3333333333333333,0.17373333333333332,unsigned_probability,False,False,False,False
real,constrained,reporting_quality_score,env_pillar_score,0.6666666666666666,0.24473333333333333,unsigned_probability,True,False,False,False
real,constrained,reporting_quality_score,gov_pillar_score,0.3333333333333333,0.17859999999999998,unsigned_probability,False,False,False,False
real,constrained,reporting_quality_score,renewable_energy_share,0.3333333333333333,0.22036666666666668,unsigned_probability,False,False,False,False
real,constrained,reporting_quality_score,scope_3_emissions_tco2e,1.0,0.2961666666666667,unsigned_probability,True,True,False,False
real,constrained,reporting_quality_score,soc_pillar_score,0.3333333333333333,0.2521666666666667,unsigned_probability,False,False,False,False
real,constrained,reporting_quality_score,total_revenue_eur,0.3333333333333333,0.25980000000000003,unsigned_probability,False,False,False,False
real,constrained,scope_1_emissions_tco2e,community_investment_eur,0.6666666666666666,0.24840000000000004,unsigned_probability,True,False,False,False
real,constrained,scope_1_emissions_tco2e,emission_reduction_policy_score,0.6666666666666666,0.2853333333333334,unsigned_probability,True,False,False,False
real,constrained,scope_1_emissions_tco2e,env_pillar_score,0.3333333333333333,0.19346666666666668,unsigned_probability,False,False,False,False
real,constrained,scope_1_emissions_tco2e,gov_pillar_score,0.3333333333333333,0.2235,unsigned_probability,False,False,False,False
real,constrained,scope_1_emissions_tco2e,green_financing_eur,0.3333333333333333,0.2577,unsigned_probability,False,False,False,False
real,constrained,scope_1_emissions_tco2e,reporting_quality_score,0.3333333333333333,0.24349999999999997,unsigned_probability,False,False,False,False
real,constrained,scope_2_emissions_tco2e,community_investment_eur,0.3333333333333333,0.2168,unsigned_probability,False,False,False,False
real,constrained,scope_2_emissions_tco2e,diversity_representation,0.3333333333333333,0.1960666666666667,unsigned_probability,False,False,False,False
real,constrained,scope_2_emissions_tco2e,green_financing_eur,0.3333333333333333,0.21223333333333336,unsigned_probability,False,False,False,False
real,constrained,scope_2_emissions_tco2e,health_safety_score,0.3333333333333333,0.18483333333333332,unsigned_probability,False,False,False,False
real,constrained,scope_2_emissions_tco2e,reporting_quality_score,0.3333333333333333,0.21880000000000002,unsigned_probability,False,False,False,False
real,constrained,scope_2_emissions_tco2e,scope_1_emissions_tco2e,0.3333333333333333,0.21573333333333333,unsigned_probability,False,False,False,False
real,constrained,scope_2_emissions_tco2e,total_revenue_eur,0.6666666666666666,0.2498,unsigned_probability,True,False,False,False
real,constrained,scope_3_emissions_tco2e,community_investment_eur,0.3333333333333333,0.23356666666666667,unsigned_probability,False,False,False,False
real,constrained,scope_3_emissions_tco2e,env_pillar_score,0.3333333333333333,0.19000000000000003,unsigned_probability,False,False,False,False
real,constrained,scope_3_emissions_tco2e,gov_pillar_score,0.3333333333333333,0.19496666666666665,unsigned_probability,False,False,False,False
real,constrained,scope_3_emissions_tco2e,green_financing_eur,0.3333333333333333,0.2114666666666667,unsigned_probability,False,False,False,False
real,constrained,scope_3_emissions_tco2e,health_safety_score,0.3333333333333333,0.21076666666666666,unsigned_probability,False,False,False,False
real,constrained,scope_3_emissions_tco2e,overall_esg_score,0.3333333333333333,0.19000000000000003,unsigned_probability,False,False,False,False
real,constrained,scope_3_emissions_tco2e,renewable_energy_share,0.3333333333333333,0.22616666666666665,unsigned_probability,False,False,False,False
real,constrained,scope_3_emissions_tco2e,soc_pillar_score,0.3333333333333333,0.1879333333333333,unsigned_probability,False,False,False,False
real,constrained,scope_3_emissions_tco2e,total_revenue_eur,0.3333333333333333,0.212,unsigned_probability,False,False,False,False
real,constrained,soc_pillar_score,board_strategy_esg_oversight_score,0.6666666666666666,0.2982,unsigned_probability,True,False,False,False
real,constrained,soc_pillar_score,emission_reduction_policy_score,0.6666666666666666,0.2487,unsigned_probability,True,False,False,False
real,constrained,soc_pillar_score,env_pillar_score,0.3333333333333333,0.2252666666666667,unsigned_probability,False,False,False,False
real,constrained,soc_pillar_score,gov_pillar_score,0.3333333333333333,0.21203333333333332,unsigned_probability,False,False,False,False
real,constrained,soc_pillar_score,green_financing_eur,0.3333333333333333,0.23153333333333334,unsigned_probability,False,False,False,False
real,constrained,soc_pillar_score,health_safety_score,0.3333333333333333,0.2049,unsigned_probability,False,False,False,False
real,constrained,soc_pillar_score,renewable_energy_share,0.3333333333333333,0.17853333333333335,unsigned_probability,False,False,False,False
real,constrained,soc_pillar_score,reporting_quality_score,0.3333333333333333,0.16343333333333335,unsigned_probability,False,False,False,False
real,constrained,soc_pillar_score,scope_1_emissions_tco2e,0.3333333333333333,0.22503333333333334,unsigned_probability,False,False,False,False
real,constrained,soc_pillar_score,scope_3_emissions_tco2e,0.3333333333333333,0.1949,unsigned_probability,False,False,False,False
real,constrained,soc_pillar_score,total_revenue_eur,0.3333333333333333,0.18383333333333332,unsigned_probability,False,False,False,False
real,constrained,total_revenue_eur,board_strategy_esg_oversight_score,0.3333333333333333,0.23329999999999998,unsigned_probability,False,False,False,False
real,constrained,total_revenue_eur,emission_reduction_policy_score,0.6666666666666666,0.23053333333333334,unsigned_probability,True,False,False,False
real,constrained,total_revenue_eur,gov_pillar_score,0.3333333333333333,0.1702,unsigned_probability,False,False,False,False
real,constrained,total_revenue_eur,green_financing_eur,0.3333333333333333,0.21913333333333332,unsigned_probability,False,False,False,False
real,constrained,total_revenue_eur,scope_3_emissions_tco2e,0.3333333333333333,0.21303333333333332,unsigned_probability,False,False,False,False
real,constrained,total_revenue_eur,soc_pillar_score,0.3333333333333333,0.19003333333333336,unsigned_probability,False,False,False,False
real,unconstrained,board_strategy_esg_oversight_score,emission_reduction_policy_score,0.2,0.19088000000000002,unsigned_probability,False,False,False,False
real,unconstrained,board_strategy_esg_oversight_score,gov_pillar_score,0.2,0.18602,unsigned_probability,False,False,False,False
real,unconstrained,board_strategy_esg_oversight_score,overall_esg_score,0.2,0.1547,unsigned_probability,False,False,False,False
real,unconstrained,board_strategy_esg_oversight_score,renewable_energy_share,0.4,0.24780000000000002,unsigned_probability,False,False,False,False
real,unconstrained,board_strategy_esg_oversight_score,scope_1_emissions_tco2e,0.2,0.18560000000000001,unsigned_probability,False,False,False,False
real,unconstrained,board_strategy_esg_oversight_score,scope_2_emissions_tco2e,0.2,0.19508,unsigned_probability,False,False,False,False
real,unconstrained,board_strategy_esg_oversight_score,scope_3_emissions_tco2e,0.2,0.19483999999999999,unsigned_probability,False,False,False,False
real,unconstrained,community_investment_eur,board_strategy_esg_oversight_score,0.2,0.20586,unsigned_probability,False,False,False,False
real,unconstrained,community_investment_eur,diversity_representation,0.2,0.19906,unsigned_probability,False,False,False,False
real,unconstrained,community_investment_eur,gov_pillar_score,0.4,0.24689999999999998,unsigned_probability,False,False,False,False
real,unconstrained,community_investment_eur,green_financing_eur,0.4,0.20212,unsigned_probability,False,False,False,False
real,unconstrained,community_investment_eur,health_safety_score,0.2,0.21381999999999998,unsigned_probability,False,False,False,False
real,unconstrained,community_investment_eur,overall_esg_score,0.2,0.21848,unsigned_probability,False,False,False,False
real,unconstrained,community_investment_eur,renewable_energy_share,0.2,0.18371999999999997,unsigned_probability,False,False,False,False
real,unconstrained,community_investment_eur,reporting_quality_score,0.4,0.23399999999999993,unsigned_probability,False,False,False,False
real,unconstrained,community_investment_eur,scope_1_emissions_tco2e,0.2,0.20856,unsigned_probability,False,False,False,False
real,unconstrained,community_investment_eur,scope_2_emissions_tco2e,0.4,0.20976,unsigned_probability,False,False,False,False
real,unconstrained,community_investment_eur,scope_3_emissions_tco2e,0.2,0.19506,unsigned_probability,False,False,False,False
real,unconstrained,community_investment_eur,soc_pillar_score,0.2,0.21928,unsigned_probability,False,False,False,False
real,unconstrained,community_investment_eur,total_revenue_eur,0.6,0.23932000000000003,unsigned_probability,True,False,False,False
real,unconstrained,diversity_representation,board_strategy_esg_oversight_score,0.6,0.25336000000000003,unsigned_probability,True,False,False,False
real,unconstrained,diversity_representation,community_investment_eur,0.2,0.20526,unsigned_probability,False,False,False,False
real,unconstrained,diversity_representation,emission_reduction_policy_score,0.2,0.21264000000000002,unsigned_probability,False,False,False,False
real,unconstrained,diversity_representation,env_pillar_score,0.4,0.2569,unsigned_probability,False,False,False,False
real,unconstrained,diversity_representation,green_financing_eur,0.4,0.21264000000000002,unsigned_probability,False,False,False,False
real,unconstrained,diversity_representation,health_safety_score,0.2,0.21524000000000001,unsigned_probability,False,False,False,False
real,unconstrained,diversity_representation,overall_esg_score,0.2,0.19626000000000002,unsigned_probability,False,False,False,False
real,unconstrained,diversity_representation,renewable_energy_share,0.2,0.19388,unsigned_probability,False,False,False,False
real,unconstrained,diversity_representation,reporting_quality_score,0.6,0.27599999999999997,unsigned_probability,True,False,False,False
real,unconstrained,diversity_representation,scope_1_emissions_tco2e,0.6,0.2426,unsigned_probability,True,False,False,False
real,unconstrained,diversity_representation,scope_3_emissions_tco2e,0.4,0.21606,unsigned_probability,False,False,False,False
real,unconstrained,diversity_representation,total_revenue_eur,0.2,0.21696,unsigned_probability,False,False,False,False
real,unconstrained,emission_reduction_policy_score,board_strategy_esg_oversight_score,0.2,0.2098,unsigned_probability,False,False,True,False
real,unconstrained,emission_reduction_policy_score,community_investment_eur,0.2,0.20994000000000002,unsigned_probability,False,False,False,False
real,unconstrained,emission_reduction_policy_score,diversity_representation,0.2,0.18294,unsigned_probability,False,False,False,False
real,unconstrained,emission_reduction_policy_score,env_pillar_score,0.4,0.23338,unsigned_probability,False,False,False,False
real,unconstrained,emission_reduction_policy_score,gov_pillar_score,0.2,0.1815,unsigned_probability,False,False,False,False
real,unconstrained,emission_reduction_policy_score,overall_esg_score,0.2,0.18414,unsigned_probability,False,False,False,False
real,unconstrained,emission_reduction_policy_score,renewable_energy_share,0.2,0.18378,unsigned_probability,False,False,False,False
real,unconstrained,emission_reduction_policy_score,reporting_quality_score,0.6,0.2427,unsigned_probability,True,False,False,False
real,unconstrained,emission_reduction_policy_score,scope_1_emissions_tco2e,0.2,0.21686,unsigned_probability,False,False,False,False
real,unconstrained,emission_reduction_policy_score,scope_2_emissions_tco2e,0.4,0.2129,unsigned_probability,False,False,False,False
real,unconstrained,emission_reduction_policy_score,scope_3_emissions_tco2e,0.4,0.20827999999999997,unsigned_probability,False,False,False,False
real,unconstrained,emission_reduction_policy_score,total_revenue_eur,0.2,0.17366,unsigned_probability,False,False,False,False
real,unconstrained,env_pillar_score,board_strategy_esg_oversight_score,0.2,0.20198,unsigned_probability,False,False,False,False
real,unconstrained,env_pillar_score,community_investment_eur,0.4,0.21378,unsigned_probability,False,False,False,False
real,unconstrained,env_pillar_score,emission_reduction_policy_score,0.2,0.18664,unsigned_probability,False,False,False,False
real,unconstrained,env_pillar_score,gov_pillar_score,0.2,0.21512000000000003,unsigned_probability,False,False,False,False
real,unconstrained,env_pillar_score,green_financing_eur,0.2,0.18976,unsigned_probability,False,False,False,False
real,unconstrained,env_pillar_score,scope_1_emissions_tco2e,0.2,0.19849999999999998,unsigned_probability,False,False,False,False
real,unconstrained,env_pillar_score,scope_2_emissions_tco2e,0.4,0.202,unsigned_probability,False,False,False,False
real,unconstrained,env_pillar_score,scope_3_emissions_tco2e,0.6,0.23693999999999998,unsigned_probability,True,False,False,False
real,unconstrained,env_pillar_score,total_revenue_eur,0.2,0.22147999999999998,unsigned_probability,False,False,False,False
real,unconstrained,gov_pillar_score,community_investment_eur,0.2,0.20118,unsigned_probability,False,False,False,False
real,unconstrained,gov_pillar_score,diversity_representation,0.2,0.21095999999999998,unsigned_probability,False,False,False,False
real,unconstrained,gov_pillar_score,emission_reduction_policy_score,0.6,0.24203999999999998,unsigned_probability,True,False,False,False
real,unconstrained,gov_pillar_score,env_pillar_score,0.4,0.20937999999999998,unsigned_probability,False,False,False,False
real,unconstrained,gov_pillar_score,green_financing_eur,0.4,0.27464,unsigned_probability,False,False,False,False
real,unconstrained,gov_pillar_score,health_safety_score,0.2,0.16706,unsigned_probability,False,False,False,False
real,unconstrained,gov_pillar_score,renewable_energy_share,0.6,0.22433999999999998,unsigned_probability,True,False,False,False
real,unconstrained,gov_pillar_score,reporting_quality_score,0.2,0.17031999999999997,unsigned_probability,False,False,False,False
real,unconstrained,gov_pillar_score,scope_2_emissions_tco2e,0.2,0.17529999999999998,unsigned_probability,False,False,False,False
real,unconstrained,gov_pillar_score,total_revenue_eur,0.6,0.23809999999999998,unsigned_probability,True,False,False,False
real,unconstrained,green_financing_eur,community_investment_eur,0.4,0.2251,unsigned_probability,False,False,False,False
real,unconstrained,green_financing_eur,diversity_representation,0.2,0.21309999999999998,unsigned_probability,False,False,False,False
real,unconstrained,green_financing_eur,emission_reduction_policy_score,0.4,0.22784,unsigned_probability,False,False,False,False
real,unconstrained,green_financing_eur,env_pillar_score,0.2,0.18912,unsigned_probability,False,False,False,False
real,unconstrained,green_financing_eur,gov_pillar_score,0.4,0.19996,unsigned_probability,False,False,False,False
real,unconstrained,green_financing_eur,health_safety_score,0.2,0.17662,unsigned_probability,False,False,False,False
real,unconstrained,green_financing_eur,overall_esg_score,0.2,0.1968,unsigned_probability,False,False,False,False
real,unconstrained,green_financing_eur,renewable_energy_share,0.2,0.15772,unsigned_probability,False,False,False,False
real,unconstrained,green_financing_eur,reporting_quality_score,0.4,0.23264,unsigned_probability,False,False,False,False
real,unconstrained,green_financing_eur,scope_1_emissions_tco2e,0.4,0.20762,unsigned_probability,False,False,False,False
real,unconstrained,green_financing_eur,scope_2_emissions_tco2e,0.2,0.20132,unsigned_probability,False,False,False,False
real,unconstrained,green_financing_eur,scope_3_emissions_tco2e,0.2,0.21417999999999998,unsigned_probability,False,False,False,False
real,unconstrained,green_financing_eur,total_revenue_eur,0.2,0.19684,unsigned_probability,False,False,False,False
real,unconstrained,health_safety_score,board_strategy_esg_oversight_score,0.2,0.2233,unsigned_probability,False,False,False,False
real,unconstrained,health_safety_score,community_investment_eur,0.2,0.21067999999999998,unsigned_probability,False,False,False,False
real,unconstrained,health_safety_score,diversity_representation,0.4,0.2242,unsigned_probability,False,False,False,False
real,unconstrained,health_safety_score,env_pillar_score,0.4,0.22752,unsigned_probability,False,False,False,False
real,unconstrained,health_safety_score,gov_pillar_score,0.2,0.20242,unsigned_probability,False,False,False,False
real,unconstrained,health_safety_score,green_financing_eur,0.2,0.20612000000000003,unsigned_probability,False,False,False,False
real,unconstrained,health_safety_score,renewable_energy_share,0.6,0.24398,unsigned_probability,True,False,False,False
real,unconstrained,health_safety_score,reporting_quality_score,0.4,0.25094,unsigned_probability,False,False,False,False
real,unconstrained,health_safety_score,scope_2_emissions_tco2e,0.2,0.21485999999999997,unsigned_probability,False,False,False,False
real,unconstrained,health_safety_score,scope_3_emissions_tco2e,0.6,0.23258,unsigned_probability,True,False,False,False
real,unconstrained,health_safety_score,total_revenue_eur,0.6,0.26439999999999997,unsigned_probability,True,False,False,False
real,unconstrained,overall_esg_score,board_strategy_esg_oversight_score,0.6,0.25877999999999995,unsigned_probability,True,False,False,False
real,unconstrained,overall_esg_score,community_investment_eur,0.2,0.20534,unsigned_probability,False,False,False,False
real,unconstrained,overall_esg_score,emission_reduction_policy_score,0.2,0.21566000000000002,unsigned_probability,False,False,False,False
real,unconstrained,overall_esg_score,env_pillar_score,0.4,0.24607999999999994,unsigned_probability,False,False,False,False
real,unconstrained,overall_esg_score,green_financing_eur,0.2,0.21414,unsigned_probability,False,False,False,False
real,unconstrained,overall_esg_score,health_safety_score,0.2,0.2364,unsigned_probability,False,False,False,False
real,unconstrained,overall_esg_score,renewable_energy_share,0.2,0.16332,unsigned_probability,False,False,False,False
real,unconstrained,overall_esg_score,reporting_quality_score,0.2,0.22586,unsigned_probability,False,False,False,False
real,unconstrained,overall_esg_score,scope_1_emissions_tco2e,0.2,0.17724,unsigned_probability,False,False,False,False
real,unconstrained,overall_esg_score,scope_3_emissions_tco2e,0.2,0.19668000000000002,unsigned_probability,False,False,False,False
real,unconstrained,renewable_energy_share,board_strategy_esg_oversight_score,0.2,0.18326,unsigned_probability,False,False,False,False
real,unconstrained,renewable_energy_share,community_investment_eur,0.6,0.25784,unsigned_probability,True,False,False,False
real,unconstrained,renewable_energy_share,diversity_representation,0.4,0.26814,unsigned_probability,False,False,False,False
real,unconstrained,renewable_energy_share,emission_reduction_policy_score,0.4,0.21772,unsigned_probability,False,False,False,False
real,unconstrained,renewable_energy_share,env_pillar_score,0.2,0.23222,unsigned_probability,False,False,False,False
real,unconstrained,renewable_energy_share,gov_pillar_score,0.4,0.19708,unsigned_probability,False,False,False,False
real,unconstrained,renewable_energy_share,green_financing_eur,0.4,0.24474,unsigned_probability,False,False,False,False
real,unconstrained,renewable_energy_share,health_safety_score,0.2,0.20036,unsigned_probability,False,False,False,False
real,unconstrained,renewable_energy_share,overall_esg_score,0.4,0.22160000000000002,unsigned_probability,False,False,False,False
real,unconstrained,renewable_energy_share,reporting_quality_score,0.2,0.1941,unsigned_probability,False,False,False,False
real,unconstrained,renewable_energy_share,scope_1_emissions_tco2e,0.4,0.24621999999999997,unsigned_probability,False,False,False,False
real,unconstrained,renewable_energy_share,scope_2_emissions_tco2e,0.4,0.2355,unsigned_probability,False,False,False,False
real,unconstrained,renewable_energy_share,scope_3_emissions_tco2e,0.2,0.172,unsigned_probability,False,False,False,False
real,unconstrained,renewable_energy_share,soc_pillar_score,0.2,0.15622,unsigned_probability,False,False,False,False
real,unconstrained,renewable_energy_share,total_revenue_eur,0.4,0.22885999999999998,unsigned_probability,False,False,False,False
real,unconstrained,reporting_quality_score,board_strategy_esg_oversight_score,0.8,0.28742,unsigned_probability,True,True,False,False
real,unconstrained,reporting_quality_score,community_investment_eur,0.2,0.18170000000000003,unsigned_probability,False,False,False,False
real,unconstrained,reporting_quality_score,env_pillar_score,0.4,0.23037999999999997,unsigned_probability,False,False,False,False
real,unconstrained,reporting_quality_score,gov_pillar_score,0.6,0.23334000000000002,unsigned_probability,True,False,False,False
real,unconstrained,reporting_quality_score,renewable_energy_share,0.4,0.21552,unsigned_probability,False,False,False,False
real,unconstrained,reporting_quality_score,scope_1_emissions_tco2e,0.2,0.17854,unsigned_probability,False,False,False,False
real,unconstrained,reporting_quality_score,scope_2_emissions_tco2e,0.4,0.20788,unsigned_probability,False,False,False,False
real,unconstrained,reporting_quality_score,scope_3_emissions_tco2e,0.4,0.2557,unsigned_probability,False,False,False,False
real,unconstrained,reporting_quality_score,soc_pillar_score,0.2,0.22626,unsigned_probability,False,False,False,False
real,unconstrained,reporting_quality_score,total_revenue_eur,0.2,0.23120000000000002,unsigned_probability,False,False,False,False
real,unconstrained,scope_1_emissions_tco2e,board_strategy_esg_oversight_score,0.2,0.16502,unsigned_probability,False,False,False,False
real,unconstrained,scope_1_emissions_tco2e,community_investment_eur,0.6,0.22437999999999997,unsigned_probability,True,False,False,False
real,unconstrained,scope_1_emissions_tco2e,emission_reduction_policy_score,0.4,0.22726000000000002,unsigned_probability,False,False,False,False
real,unconstrained,scope_1_emissions_tco2e,env_pillar_score,0.4,0.21878000000000003,unsigned_probability,False,False,False,False
real,unconstrained,scope_1_emissions_tco2e,gov_pillar_score,0.4,0.2177,unsigned_probability,False,False,False,False
real,unconstrained,scope_1_emissions_tco2e,green_financing_eur,0.2,0.21276,unsigned_probability,False,False,False,False
real,unconstrained,scope_1_emissions_tco2e,overall_esg_score,0.2,0.20394,unsigned_probability,False,False,False,False
real,unconstrained,scope_1_emissions_tco2e,reporting_quality_score,0.2,0.21974,unsigned_probability,False,False,False,False
real,unconstrained,scope_1_emissions_tco2e,scope_2_emissions_tco2e,0.2,0.20786000000000002,unsigned_probability,False,False,False,False
real,unconstrained,scope_1_emissions_tco2e,total_revenue_eur,0.2,0.19356,unsigned_probability,False,False,False,False
real,unconstrained,scope_2_emissions_tco2e,community_investment_eur,0.2,0.19842,unsigned_probability,False,False,False,False
real,unconstrained,scope_2_emissions_tco2e,diversity_representation,0.6,0.23209999999999997,unsigned_probability,True,False,False,False
real,unconstrained,scope_2_emissions_tco2e,env_pillar_score,0.2,0.17831999999999998,unsigned_probability,False,False,False,False
real,unconstrained,scope_2_emissions_tco2e,gov_pillar_score,0.2,0.20909999999999998,unsigned_probability,False,False,False,False
real,unconstrained,scope_2_emissions_tco2e,green_financing_eur,0.2,0.21092,unsigned_probability,False,False,False,False
real,unconstrained,scope_2_emissions_tco2e,health_safety_score,0.2,0.1679,unsigned_probability,False,False,False,False
real,unconstrained,scope_2_emissions_tco2e,overall_esg_score,0.4,0.21200000000000002,unsigned_probability,False,False,False,False
real,unconstrained,scope_2_emissions_tco2e,reporting_quality_score,0.4,0.21080000000000002,unsigned_probability,False,False,False,False
real,unconstrained,scope_2_emissions_tco2e,scope_1_emissions_tco2e,0.4,0.24568000000000004,unsigned_probability,False,False,False,False
real,unconstrained,scope_2_emissions_tco2e,scope_3_emissions_tco2e,0.2,0.21869999999999998,unsigned_probability,False,False,False,False
real,unconstrained,scope_2_emissions_tco2e,total_revenue_eur,0.4,0.22108,unsigned_probability,False,False,False,False
real,unconstrained,scope_3_emissions_tco2e,board_strategy_esg_oversight_score,0.4,0.21506000000000003,unsigned_probability,False,False,False,False
real,unconstrained,scope_3_emissions_tco2e,community_investment_eur,0.2,0.20415999999999998,unsigned_probability,False,False,False,False
real,unconstrained,scope_3_emissions_tco2e,diversity_representation,0.2,0.2445,unsigned_probability,False,False,False,False
real,unconstrained,scope_3_emissions_tco2e,emission_reduction_policy_score,0.4,0.24354,unsigned_probability,False,False,False,False
real,unconstrained,scope_3_emissions_tco2e,env_pillar_score,0.2,0.161,unsigned_probability,False,False,False,False
real,unconstrained,scope_3_emissions_tco2e,gov_pillar_score,0.6,0.23894,unsigned_probability,True,False,False,False
real,unconstrained,scope_3_emissions_tco2e,green_financing_eur,0.2,0.17858000000000002,unsigned_probability,False,False,False,False
real,unconstrained,scope_3_emissions_tco2e,health_safety_score,0.2,0.16677999999999998,unsigned_probability,False,False,False,False
real,unconstrained,scope_3_emissions_tco2e,overall_esg_score,0.2,0.19082,unsigned_probability,False,False,False,False
real,unconstrained,scope_3_emissions_tco2e,renewable_energy_share,0.4,0.24287999999999998,unsigned_probability,False,False,False,False
real,unconstrained,scope_3_emissions_tco2e,soc_pillar_score,0.2,0.17358,unsigned_probability,False,False,False,False
real,unconstrained,scope_3_emissions_tco2e,total_revenue_eur,0.4,0.21976,unsigned_probability,False,False,False,False
real,unconstrained,soc_pillar_score,board_strategy_esg_oversight_score,0.6,0.31142,unsigned_probability,True,False,False,False
real,unconstrained,soc_pillar_score,community_investment_eur,0.2,0.19234,unsigned_probability,False,False,False,False
real,unconstrained,soc_pillar_score,diversity_representation,0.2,0.25648,unsigned_probability,False,False,False,False
real,unconstrained,soc_pillar_score,emission_reduction_policy_score,0.4,0.21286,unsigned_probability,False,False,False,False
real,unconstrained,soc_pillar_score,env_pillar_score,0.6,0.25042,unsigned_probability,True,False,False,False
real,unconstrained,soc_pillar_score,gov_pillar_score,0.4,0.24413999999999997,unsigned_probability,False,False,False,False
real,unconstrained,soc_pillar_score,green_financing_eur,0.2,0.20666,unsigned_probability,False,False,False,False
real,unconstrained,soc_pillar_score,health_safety_score,0.2,0.17104000000000003,unsigned_probability,False,False,False,False
real,unconstrained,soc_pillar_score,overall_esg_score,0.2,0.21444000000000002,unsigned_probability,False,False,False,False
real,unconstrained,soc_pillar_score,renewable_energy_share,0.2,0.19175999999999999,unsigned_probability,False,False,False,False
real,unconstrained,soc_pillar_score,reporting_quality_score,0.6,0.22088000000000002,unsigned_probability,True,False,False,False
real,unconstrained,soc_pillar_score,scope_1_emissions_tco2e,0.4,0.21094,unsigned_probability,False,False,False,False
real,unconstrained,soc_pillar_score,scope_3_emissions_tco2e,0.4,0.22138,unsigned_probability,False,False,False,False
real,unconstrained,soc_pillar_score,total_revenue_eur,0.6,0.22721999999999998,unsigned_probability,True,False,False,False
real,unconstrained,total_revenue_eur,board_strategy_esg_oversight_score,0.2,0.2198,unsigned_probability,False,False,False,False
real,unconstrained,total_revenue_eur,community_investment_eur,0.2,0.20148000000000002,unsigned_probability,False,False,False,False
real,unconstrained,total_revenue_eur,diversity_representation,0.2,0.1964,unsigned_probability,False,False,True,False
real,unconstrained,total_revenue_eur,emission_reduction_policy_score,0.2,0.20732000000000003,unsigned_probability,False,False,False,False
real,unconstrained,total_revenue_eur,env_pillar_score,0.2,0.17159999999999997,unsigned_probability,False,False,False,False
real,unconstrained,total_revenue_eur,gov_pillar_score,0.2,0.18939999999999999,unsigned_probability,False,False,False,False
real,unconstrained,total_revenue_eur,green_financing_eur,0.4,0.21845999999999996,unsigned_probability,False,False,False,False
real,unconstrained,total_revenue_eur,health_safety_score,0.2,0.19449999999999998,unsigned_probability,False,False,False,False
real,unconstrained,total_revenue_eur,reporting_quality_score,0.2,0.15434,unsigned_probability,False,False,False,False
real,unconstrained,total_revenue_eur,scope_3_emissions_tco2e,0.4,0.23214,unsigned_probability,False,False,False,False
real,unconstrained,total_revenue_eur,soc_pillar_score,0.2,0.16154,unsigned_probability,False,False,False,False
synthetic_n2000,constrained,asset_growth_pct,auditor_independence_score,0.2,0.22649999999999998,unsigned_probability,False,False,False,False
synthetic_n2000,constrained,asset_growth_pct,board_strategy_esg_oversight_score,0.2,0.06406,unsigned_probability,False,False,False,False
synthetic_n2000,constrained,asset_growth_pct,environmental_fines,0.2,0.11495999999999999,unsigned_probability,False,False,False,False
synthetic_n2000,constrained,asset_growth_pct,green_financing_eur,0.2,0.18969999999999998,unsigned_probability,False,False,False,False
synthetic_n2000,constrained,asset_growth_pct,iso_14001_exists,0.2,0.1233,unsigned_probability,False,False,False,False
synthetic_n2000,constrained,asset_growth_pct,pe_ratio,0.2,0.12009999999999998,unsigned_probability,False,False,False,False
synthetic_n2000,constrained,asset_growth_pct,roe_eat,0.2,0.19628,unsigned_probability,False,False,False,False
synthetic_n2000,constrained,asset_growth_pct,tobins_q,0.2,0.08248,unsigned_probability,False,False,False,False
synthetic_n2000,constrained,auditor_independence_score,asset_growth_pct,0.2,0.0959,unsigned_probability,False,False,False,False
synthetic_n2000,constrained,auditor_independence_score,board_strategy_esg_oversight_score,0.2,0.20104000000000002,unsigned_probability,False,False,False,False
synthetic_n2000,constrained,auditor_independence_score,corruption_cases,0.4,0.269,unsigned_probability,False,False,False,False
synthetic_n2000,constrained,auditor_independence_score,customer_satisfaction_score,0.2,0.08738,unsigned_probability,False,False,False,False
synthetic_n2000,constrained,auditor_independence_score,emission_reduction_policy_score,0.2,0.06476,unsigned_probability,False,False,False,False
synthetic_n2000,constrained,auditor_independence_score,gov_pillar_score,0.2,0.12962,unsigned_probability,False,False,False,False
synthetic_n2000,constrained,auditor_independence_score,green_financing_eur,0.2,0.12436000000000003,unsigned_probability,False,False,False,False
synthetic_n2000,constrained,auditor_independence_score,overall_esg_score,0.2,0.22593999999999997,unsigned_probability,False,False,False,False
synthetic_n2000,constrained,auditor_independence_score,scope_1_emissions_tco2e,0.2,0.11306000000000001,unsigned_probability,False,False,False,False
synthetic_n2000,constrained,auditor_independence_score,turnover_rate,0.2,0.08371999999999999,unsigned_probability,False,False,False,False
synthetic_n2000,constrained,board_diversity,board_strategy_esg_oversight_score,0.2,0.10322000000000002,unsigned_probability,False,False,False,False
synthetic_n2000,constrained,board_diversity,community_investment_eur,0.2,0.0874,unsigned_probability,False,False,False,False
synthetic_n2000,constrained,board_diversity,corruption_cases,0.2,0.08036000000000001,unsigned_probability,False,False,False,False
synthetic_n2000,constrained,board_diversity,debt_to_equity_ratio,0.2,0.10168000000000002,unsigned_probability,False,False,False,False
synthetic_n2000,constrained,board_diversity,diversity_representation,0.2,0.10322,unsigned_probability,False,False,False,False
synthetic_n2000,constrained,board_diversity,env_pillar_score,0.2,0.0814,unsigned_probability,False,False,False,False
synthetic_n2000,constrained,board_diversity,gov_pillar_score,0.4,0.26627999999999996,unsigned_probability,False,False,False,False
synthetic_n2000,constrained,board_diversity,roa_eat,1.0,1.0,unsigned_probability,True,True,False,True
synthetic_n2000,constrained,board_diversity,roe_eat,0.2,0.1005,unsigned_probability,False,False,False,False
synthetic_n2000,constrained,board_diversity,scope_2_emissions_tco2e,0.2,0.11366000000000001,unsigned_probability,False,False,False,False
synthetic_n2000,constrained,board_diversity,tobins_q,1.0,1.0,unsigned_probability,True,True,False,True
synthetic_n2000,constrained,board_diversity,turnover_rate,0.2,0.1089,unsigned_probability,False,False,False,False
synthetic_n2000,constrained,board_strategy_esg_oversight_score,asset_growth_pct,0.4,0.37154000000000004,unsigned_probability,False,False,False,False
synthetic_n2000,constrained,board_strategy_esg_oversight_score,auditor_independence_score,0.6,0.5739000000000001,unsigned_probability,True,False,False,False
synthetic_n2000,constrained,board_strategy_esg_oversight_score,corruption_cases,0.4,0.40654,unsigned_probability,False,False,False,False
synthetic_n2000,constrained,board_strategy_esg_oversight_score,customer_satisfaction_score,0.2,0.09028,unsigned_probability,False,False,False,False
synthetic_n2000,constrained,board_strategy_esg_oversight_score,gov_pillar_score,0.6,0.43924,unsigned_probability,True,False,False,False
synthetic_n2000,constrained,board_strategy_esg_oversight_score,green_financing_eur,0.2,0.12730000000000002,unsigned_probability,False,False,False,False
synthetic_n2000,constrained,board_strategy_esg_oversight_score,renewable_energy_share,0.2,0.09348000000000001,unsigned_probability,False,False,False,False
synthetic_n2000,constrained,board_strategy_esg_oversight_score,scope_2_emissions_tco2e,0.2,0.1042,unsigned_probability,False,False,False,False
synthetic_n2000,constrained,ceo_chair_split,asset_growth_pct,0.2,0.09716,unsigned_probability,False,False,False,False
synthetic_n2000,constrained,community_investment_eur,asset_growth_pct,0.2,0.16272,unsigned_probability,False,False,False,False
synthetic_n2000,constrained,community_investment_eur,total_asset,0.6,0.47142,unsigned_probability,True,False,False,False
synthetic_n2000,constrained,corruption_cases,auditor_independence_score,0.4,0.38808,unsigned_probability,False,False,False,False
synthetic_n2000,constrained,corruption_cases,board_strategy_esg_oversight_score,0.6,0.49702,unsigned_probability,True,False,False,False
synthetic_n2000,constrained,corruption_cases,ceo_chair_split,0.2,0.09576,unsigned_probability,False,False,False,False
synthetic_n2000,constrained,corruption_cases,customer_satisfaction_score,0.2,0.1079,unsigned_probability,False,False,False,False
synthetic_n2000,constrained,corruption_cases,gov_pillar_score,0.2,0.10388,unsigned_probability,False,False,False,False
synthetic_n2000,constrained,customer_satisfaction_score,diversity_representation,0.4,0.34464,unsigned_probability,False,False,False,False
synthetic_n2000,constrained,customer_satisfaction_score,roa_eat,1.0,1.0,unsigned_probability,True,True,False,True
synthetic_n2000,constrained,customer_satisfaction_score,roe_eat,0.4,0.20576,unsigned_probability,False,False,False,False
synthetic_n2000,constrained,debt_to_equity_ratio,injury_frequency_rate,0.2,0.0983,unsigned_probability,False,False,False,False
synthetic_n2000,constrained,debt_to_equity_ratio,roa_eat,0.2,0.14084,unsigned_probability,False,False,False,False
synthetic_n2000,constrained,debt_to_equity_ratio,roe_eat,0.6,0.43266,unsigned_probability,True,False,False,False
synthetic_n2000,constrained,debt_to_equity_ratio,tobins_q,0.2,0.18344,unsigned_probability,False,False,False,False
synthetic_n2000,constrained,debt_to_equity_ratio,total_asset,0.2,0.19560000000000002,unsigned_probability,False,False,False,False
synthetic_n2000,constrained,debt_to_equity_ratio,total_energy_consumption,0.2,0.16182000000000002,unsigned_probability,False,False,False,False
synthetic_n2000,constrained,debt_to_equity_ratio,turnover_rate,0.2,0.10779999999999998,unsigned_probability,False,False,False,False
synthetic_n2000,constrained,diversity_representation,customer_satisfaction_score,0.2,0.23764,unsigned_probability,False,False,False,False
synthetic_n2000,constrained,diversity_representation,overall_esg_score,0.2,0.10222,unsigned_probability,False,False,False,False
synthetic_n2000,constrained,diversity_representation,soc_pillar_score,0.4,0.34912,unsigned_probability,False,False,False,False
synthetic_n2000,constrained,emission_reduction_policy_score,asset_growth_pct,0.2,0.12364,unsigned_probability,False,False,False,False
synthetic_n2000,constrained,emission_reduction_policy_score,auditor_independence_score,0.2,0.11206,unsigned_probability,False,False,False,False
synthetic_n2000,constrained,emission_reduction_policy_score,corruption_cases,0.2,0.14124,unsigned_probability,False,False,False,False
synthetic_n2000,constrained,emission_reduction_policy_score,env_pillar_score,0.4,0.3649,unsigned_probability,False,False,False,False
synthetic_n2000,constrained,emission_reduction_policy_score,overall_esg_score,0.2,0.08434,unsigned_probability,False,False,False,False
synthetic_n2000,constrained,emission_reduction_policy_score,pe_ratio,0.2,0.06748000000000001,unsigned_probability,False,False,False,False
synthetic_n2000,constrained,emission_reduction_policy_score,renewable_energy_share,0.4,0.40146000000000004,unsigned_probability,False,False,False,False
synthetic_n2000,constrained,emission_reduction_policy_score,roa_eat,1.0,1.0,unsigned_probability,True,True,False,True
synthetic_n2000,constrained,emission_reduction_policy_score,roe_eat,1.0,1.0,unsigned_probability,True,True,False,True
synthetic_n2000,constrained,emission_reduction_policy_score,scope_3_emissions_tco2e,0.2,0.10838,unsigned_probability,False,False,False,False
synthetic_n2000,constrained,emission_reduction_policy_score,tobins_q,0.4,0.27341999999999994,unsigned_probability,False,False,False,False
synthetic_n2000,constrained,env_pillar_score,emission_reduction_policy_score,0.4,0.25104000000000004,unsigned_probability,False,False,False,False
synthetic_n2000,constrained,env_pillar_score,iso_14001_exists,0.2,0.13794,unsigned_probability,False,False,False,False
synthetic_n2000,constrained,env_pillar_score,overall_esg_score,0.4,0.31944,unsigned_probability,False,False,False,False
synthetic_n2000,constrained,env_pillar_score,scope_1_emissions_tco2e,0.2,0.12857999999999997,unsigned_probability,False,False,False,False
synthetic_n2000,constrained,env_pillar_score,scope_3_emissions_tco2e,0.4,0.21051999999999998,unsigned_probability,False,False,False,False
synthetic_n2000,constrained,env_pillar_score,tobins_q,0.2,0.07061999999999999,unsigned_probability,False,False,False,False
synthetic_n2000,constrained,env_pillar_score,total_energy_consumption,0.8,0.54724,unsigned_probability,True,True,False,False
synthetic_n2000,constrained,env_pillar_score,turnover_rate,0.2,0.06608,unsigned_probability,False,False,False,False
synthetic_n2000,constrained,environmental_fines,asset_growth_pct,0.4,0.26382000000000005,unsigned_probability,False,False,False,False
synthetic_n2000,constrained,environmental_fines,auditor_independence_score,0.2,0.08152,unsigned_probability,False,False,False,False
synthetic_n2000,constrained,environmental_fines,board_strategy_esg_oversight_score,0.4,0.167,unsigned_probability,False,False,False,False
synthetic_n2000,constrained,environmental_fines,community_investment_eur,0.2,0.14338,unsigned_probability,False,False,False,False
synthetic_n2000,constrained,environmental_fines,debt_to_equity_ratio,1.0,1.0,unsigned_probability,True,True,False,True
synthetic_n2000,constrained,environmental_fines,iso_14001_exists,0.4,0.34638,unsigned_probability,False,False,False,False
synthetic_n2000,constrained,environmental_fines,pe_ratio,0.4,0.28734000000000004,unsigned_probability,False,False,False,False
synthetic_n2000,constrained,environmental_fines,renewable_energy_share,0.4,0.14157999999999998,unsigned_probability,False,False,False,False
synthetic_n2000,constrained,environmental_fines,roa_eat,0.2,0.23318,unsigned_probability,False,False,False,False
synthetic_n2000,constrained,environmental_fines,roe_eat,0.2,0.1423,unsigned_probability,False,False,False,False
synthetic_n2000,constrained,gov_pillar_score,auditor_independence_score,0.4,0.14056000000000002,unsigned_probability,False,False,False,False
synthetic_n2000,constrained,gov_pillar_score,board_diversity,0.4,0.36378,unsigned_probability,False,False,False,False
synthetic_n2000,constrained,gov_pillar_score,board_strategy_esg_oversight_score,0.2,0.2082,unsigned_probability,False,False,False,False
synthetic_n2000,constrained,gov_pillar_score,ceo_chair_split,0.6,0.5188,unsigned_probability,True,False,False,False
synthetic_n2000,constrained,gov_pillar_score,debt_to_equity_ratio,0.2,0.08042,unsigned_probability,False,False,False,False
synthetic_n2000,constrained,gov_pillar_score,green_financing_eur,0.2,0.10733999999999999,unsigned_probability,False,False,False,False
synthetic_n2000,constrained,gov_pillar_score,overall_esg_score,0.4,0.39953999999999995,unsigned_probability,False,False,False,False
synthetic_n2000,constrained,green_financing_eur,auditor_independence_score,0.2,0.22092,unsigned_probability,False,False,False,False
synthetic_n2000,constrained,green_financing_eur,board_strategy_esg_oversight_score,0.2,0.18516,unsigned_probability,False,False,False,False
synthetic_n2000,constrained,green_financing_eur,emission_reduction_policy_score,0.2,0.25062,unsigned_probability,False,False,False,False
synthetic_n2000,constrained,green_financing_eur,environmental_fines,0.2,0.12133999999999998,unsigned_probability,False,False,False,False
synthetic_n2000,constrained,green_financing_eur,iso_14001_exists,0.2,0.14645999999999998,unsigned_probability,False,False,False,False
synthetic_n2000,constrained,green_financing_eur,overall_esg_score,0.4,0.25073999999999996,unsigned_probability,False,False,False,False
synthetic_n2000,constrained,green_financing_eur,renewable_energy_share,0.4,0.30882,unsigned_probability,False,False,False,False
synthetic_n2000,constrained,green_financing_eur,roe_eat,0.2,0.1157,unsigned_probability,False,False,False,False
synthetic_n2000,constrained,green_financing_eur,tobins_q,0.4,0.26294000000000006,unsigned_probability,False,False,False,False
synthetic_n2000,constrained,injury_frequency_rate,community_investment_eur,0.2,0.12147999999999999,unsigned_probability,False,False,False,False
synthetic_n2000,constrained,injury_frequency_rate,customer_satisfaction_score,0.4,0.32877999999999996,unsigned_probability,False,False,False,False
synthetic_n2000,constrained,injury_frequency_rate,roe_eat,0.2,0.20552,unsigned_probability,False,False,False,False
synthetic_n2000,constrained,injury_frequency_rate,scope_1_emissions_tco2e,0.2,0.09747999999999998,unsigned_probability,False,False,False,False
synthetic_n2000,constrained,injury_frequency_rate,scope_3_emissions_tco2e,0.2,0.14340000000000003,unsigned_probability,False,False,False,False
synthetic_n2000,constrained,injury_frequency_rate,soc_pillar_score,0.4,0.13684000000000002,unsigned_probability,False,False,False,False
synthetic_n2000,constrained,injury_frequency_rate,tobins_q,0.2,0.07338,unsigned_probability,False,False,False,False
synthetic_n2000,constrained,injury_frequency_rate,total_asset,0.4,0.17885999999999996,unsigned_probability,False,False,False,False
synthetic_n2000,constrained,injury_frequency_rate,training_hours,0.6,0.37329999999999997,unsigned_probability,True,False,False,False
synthetic_n2000,constrained,injury_frequency_rate,turnover_rate,0.2,0.17429999999999998,unsigned_probability,False,False,False,False
synthetic_n2000,constrained,iso_14001_exists,asset_growth_pct,0.2,0.12768,unsigned_probability,False,False,False,False
synthetic_n2000,constrained,iso_14001_exists,auditor_independence_score,0.2,0.09047999999999999,unsigned_probability,False,False,False,False
synthetic_n2000,constrained,iso_14001_exists,diversity_representation,0.2,0.10484,unsigned_probability,False,False,False,False
synthetic_n2000,constrained,iso_14001_exists,env_pillar_score,0.2,0.14594000000000001,unsigned_probability,False,False,False,False
synthetic_n2000,constrained,iso_14001_exists,environmental_fines,0.2,0.122,unsigned_probability,False,False,False,False
synthetic_n2000,constrained,iso_14001_exists,gov_pillar_score,0.2,0.10508000000000002,unsigned_probability,False,False,False,False
synthetic_n2000,constrained,iso_14001_exists,green_financing_eur,0.2,0.07997999999999998,unsigned_probability,False,False,False,False
synthetic_n2000,constrained,iso_14001_exists,roa_eat,1.0,1.0,unsigned_probability,True,True,False,True
synthetic_n2000,constrained,iso_14001_exists,scope_2_emissions_tco2e,0.2,0.08559999999999998,unsigned_probability,False,False,False,False
synthetic_n2000,constrained,iso_14001_exists,scope_3_emissions_tco2e,0.2,0.12516,unsigned_probability,False,False,False,False
synthetic_n2000,constrained,iso_14001_exists,soc_pillar_score,0.2,0.11466000000000001,unsigned_probability,False,False,False,False
synthetic_n2000,constrained,iso_14001_exists,tobins_q,1.0,1.0,unsigned_probability,True,True,False,True
synthetic_n2000,constrained,overall_esg_score,board_strategy_esg_oversight_score,0.2,0.24710000000000001,unsigned_probability,False,False,False,False
synthetic_n2000,constrained,overall_esg_score,ceo_chair_split,0.4,0.12522,unsigned_probability,False,False,False,False
synthetic_n2000,constrained,overall_esg_score,gov_pillar_score,0.6,0.48782000000000003,unsigned_probability,True,False,False,False
synthetic_n2000,constrained,overall_esg_score,iso_14001_exists,0.2,0.13764,unsigned_probability,False,False,False,False
synthetic_n2000,constrained,overall_esg_score,soc_pillar_score,0.2,0.12012,unsigned_probability,False,False,False,False
synthetic_n2000,constrained,overall_esg_score,tobins_q,0.2,0.21423999999999999,unsigned_probability,False,False,False,False
synthetic_n2000,constrained,pe_ratio,asset_growth_pct,0.4,0.27622,unsigned_probability,False,False,False,False
synthetic_n2000,constrained,pe_ratio,auditor_independence_score,0.2,0.1514,unsigned_probability,False,False,False,False
synthetic_n2000,constrained,pe_ratio,emission_reduction_policy_score,0.8,0.67458,unsigned_probability,True,True,False,False
synthetic_n2000,constrained,pe_ratio,iso_14001_exists,0.2,0.172,unsigned_probability,False,False,False,False
synthetic_n2000,constrained,pe_ratio,renewable_energy_share,0.2,0.14264000000000004,unsigned_probability,False,False,False,False
synthetic_n2000,constrained,pe_ratio,roa_eat,0.4,0.41412000000000004,unsigned_probability,False,False,False,False
synthetic_n2000,constrained,pe_ratio,soc_pillar_score,0.2,0.09856000000000001,unsigned_probability,False,False,False,False
synthetic_n2000,constrained,pe_ratio,tobins_q,0.6,0.47138,unsigned_probability,True,False,False,False
synthetic_n2000,constrained,pe_ratio,training_hours,0.2,0.10350000000000001,unsigned_probability,False,False,False,False
synthetic_n2000,constrained,renewable_energy_share,env_pillar_score,0.4,0.17858000000000002,unsigned_probability,False,False,False,False
synthetic_n2000,constrained,renewable_energy_share,overall_esg_score,0.2,0.16752000000000003,unsigned_probability,False,False,False,False
synthetic_n2000,constrained,renewable_energy_share,pe_ratio,0.2,0.08444,unsigned_probability,False,False,False,False
synthetic_n2000,constrained,renewable_energy_share,roe_eat,0.2,0.06961999999999999,unsigned_probability,False,False,False,False
synthetic_n2000,constrained,renewable_energy_share,scope_2_emissions_tco2e,0.4,0.20953999999999998,unsigned_probability,False,False,False,False
synthetic_n2000,constrained,renewable_energy_share,soc_pillar_score,0.4,0.13611999999999996,unsigned_probability,False,False,False,False
synthetic_n2000,constrained,roa_eat,asset_growth_pct,0.6,0.56876,unsigned_probability,True,False,False,False
synthetic_n2000,constrained,roa_eat,environmental_fines,0.2,0.20303999999999997,unsigned_probability,False,False,False,False
synthetic_n2000,constrained,roa_eat,green_financing_eur,0.2,0.08080000000000001,unsigned_probability,False,False,False,False
synthetic_n2000,constrained,roa_eat,pe_ratio,0.2,0.18596,unsigned_probability,False,False,False,False
synthetic_n2000,constrained,roa_eat,roe_eat,0.6,0.55582,unsigned_probability,True,False,False,False
synthetic_n2000,constrained,roe_eat,debt_to_equity_ratio,0.2,0.15714,unsigned_probability,False,False,False,False
synthetic_n2000,constrained,roe_eat,environmental_fines,0.2,0.15654,unsigned_probability,False,False,False,False
synthetic_n2000,constrained,roe_eat,roa_eat,0.2,0.18252000000000004,unsigned_probability,False,False,False,False
synthetic_n2000,constrained,scope_1_emissions_tco2e,community_investment_eur,0.2,0.10504,unsigned_probability,False,False,False,False
synthetic_n2000,constrained,scope_1_emissions_tco2e,customer_satisfaction_score,0.2,0.10602,unsigned_probability,False,False,False,False
synthetic_n2000,constrained,scope_1_emissions_tco2e,debt_to_equity_ratio,1.0,1.0,unsigned_probability,True,True,False,True
synthetic_n2000,constrained,scope_1_emissions_tco2e,env_pillar_score,0.4,0.17914,unsigned_probability,False,False,False,False
synthetic_n2000,constrained,scope_1_emissions_tco2e,environmental_fines,0.2,0.09774000000000001,unsigned_probability,False,False,False,False
synthetic_n2000,constrained,scope_1_emissions_tco2e,soc_pillar_score,0.2,0.07938,unsigned_probability,False,False,False,False
synthetic_n2000,constrained,scope_1_emissions_tco2e,total_asset,0.2,0.26805999999999996,unsigned_probability,False,False,False,False
synthetic_n2000,constrained,scope_2_emissions_tco2e,customer_satisfaction_score,0.2,0.12586,unsigned_probability,False,False,False,False
synthetic_n2000,constrained,scope_2_emissions_tco2e,renewable_energy_share,0.2,0.19362000000000001,unsigned_probability,False,False,False,False
synthetic_n2000,constrained,scope_2_emissions_tco2e,roa_eat,0.2,0.09296,unsigned_probability,False,False,False,False
synthetic_n2000,constrained,scope_2_emissions_tco2e,tobins_q,1.0,1.0,unsigned_probability,True,True,False,True
synthetic_n2000,constrained,scope_2_emissions_tco2e,total_asset,0.2,0.07938,unsigned_probability,False,False,False,False
synthetic_n2000,constrained,scope_3_emissions_tco2e,env_pillar_score,0.2,0.10167999999999999,unsigned_probability,False,False,False,False
synthetic_n2000,constrained,scope_3_emissions_tco2e,soc_pillar_score,0.2,0.09624,unsigned_probability,False,False,False,False
synthetic_n2000,constrained,scope_3_emissions_tco2e,total_energy_consumption,0.2,0.07008,unsigned_probability,False,False,False,False
synthetic_n2000,constrained,soc_pillar_score,customer_satisfaction_score,0.6,0.63838,unsigned_probability,True,False,False,False
synthetic_n2000,constrained,soc_pillar_score,diversity_representation,0.4,0.45022,unsigned_probability,False,False,False,False
synthetic_n2000,constrained,soc_pillar_score,environmental_fines,0.2,0.08588,unsigned_probability,False,False,False,False
synthetic_n2000,constrained,soc_pillar_score,injury_frequency_rate,0.2,0.24411999999999995,unsigned_probability,False,False,False,False
synthetic_n2000,constrained,soc_pillar_score,overall_esg_score,0.2,0.11376000000000001,unsigned_probability,False,False,False,False
synthetic_n2000,constrained,soc_pillar_score,total_energy_consumption,0.2,0.05968,unsigned_probability,False,False,False,False
synthetic_n2000,constrained,soc_pillar_score,turnover_rate,0.2,0.10026000000000002,unsigned_probability,False,False,False,False
synthetic_n2000,constrained,tobins_q,pe_ratio,0.2,0.23049999999999998,unsigned_probability,False,False,False,False
synthetic_n2000,constrained,tobins_q,renewable_energy_share,0.2,0.21631999999999998,unsigned_probability,False,False,False,False
synthetic_n2000,constrained,tobins_q,total_energy_consumption,0.2,0.12144000000000002,unsigned_probability,False,False,False,False
synthetic_n2000,constrained,total_asset,asset_growth_pct,0.2,0.11868000000000001,unsigned_probability,False,False,False,False
synthetic_n2000,constrained,total_asset,community_investment_eur,0.2,0.13434,unsigned_probability,False,False,False,False
synthetic_n2000,constrained,total_asset,debt_to_equity_ratio,0.4,0.32262,unsigned_probability,False,False,False,False
synthetic_n2000,constrained,total_asset,scope_1_emissions_tco2e,0.2,0.13032000000000002,unsigned_probability,False,False,False,False
synthetic_n2000,constrained,total_asset,total_revenue_eur,0.4,0.27932,unsigned_probability,False,False,False,False
synthetic_n2000,constrained,total_asset,training_hours,0.2,0.1988,unsigned_probability,False,False,False,False
synthetic_n2000,constrained,total_asset,turnover_rate,0.2,0.10724,unsigned_probability,False,False,False,False
synthetic_n2000,constrained,total_energy_consumption,asset_growth_pct,0.2,0.14045999999999997,unsigned_probability,False,False,False,False
synthetic_n2000,constrained,total_energy_consumption,community_investment_eur,0.2,0.0852,unsigned_probability,False,False,False,False
synthetic_n2000,constrained,total_energy_consumption,scope_2_emissions_tco2e,1.0,1.0,unsigned_probability,True,True,False,True
synthetic_n2000,constrained,total_energy_consumption,total_revenue_eur,0.2,0.10850000000000001,unsigned_probability,False,False,False,False
synthetic_n2000,constrained,total_revenue_eur,asset_growth_pct,0.2,0.20539999999999997,unsigned_probability,False,False,False,False
synthetic_n2000,constrained,total_revenue_eur,community_investment_eur,0.2,0.12498000000000001,unsigned_probability,False,False,False,False
synthetic_n2000,constrained,total_revenue_eur,env_pillar_score,0.2,0.08635999999999999,unsigned_probability,False,False,False,False
synthetic_n2000,constrained,total_revenue_eur,injury_frequency_rate,0.2,0.1591,unsigned_probability,False,False,False,False
synthetic_n2000,constrained,total_revenue_eur,overall_esg_score,0.2,0.07642,unsigned_probability,False,False,False,False
synthetic_n2000,constrained,total_revenue_eur,total_asset,0.2,0.15372,unsigned_probability,False,False,False,False
synthetic_n2000,constrained,total_revenue_eur,total_energy_consumption,0.2,0.24648000000000003,unsigned_probability,False,False,False,False
synthetic_n2000,constrained,training_hours,community_investment_eur,0.2,0.19196,unsigned_probability,False,False,False,False
synthetic_n2000,constrained,training_hours,customer_satisfaction_score,0.2,0.23656000000000002,unsigned_probability,False,False,False,False
synthetic_n2000,constrained,training_hours,diversity_representation,0.2,0.10516,unsigned_probability,False,False,False,False
synthetic_n2000,constrained,training_hours,env_pillar_score,0.2,0.13734,unsigned_probability,False,False,False,False
synthetic_n2000,constrained,training_hours,injury_frequency_rate,0.4,0.3987,unsigned_probability,False,False,False,False
synthetic_n2000,constrained,training_hours,roa_eat,0.2,0.11000000000000001,unsigned_probability,False,False,False,False
synthetic_n2000,constrained,training_hours,roe_eat,0.2,0.17232,unsigned_probability,False,False,False,False
synthetic_n2000,constrained,training_hours,scope_2_emissions_tco2e,0.2,0.08106000000000002,unsigned_probability,False,False,False,False
synthetic_n2000,constrained,training_hours,total_asset,0.2,0.21844000000000002,unsigned_probability,False,False,False,False
synthetic_n2000,constrained,training_hours,total_energy_consumption,0.2,0.11634,unsigned_probability,False,False,False,False
synthetic_n2000,constrained,training_hours,turnover_rate,0.4,0.38154,unsigned_probability,False,False,False,False
synthetic_n2000,constrained,turnover_rate,ceo_chair_split,0.2,0.08815999999999999,unsigned_probability,False,False,False,False
synthetic_n2000,constrained,turnover_rate,customer_satisfaction_score,0.8,0.65226,unsigned_probability,True,True,False,False
synthetic_n2000,constrained,turnover_rate,emission_reduction_policy_score,0.2,0.07956,unsigned_probability,False,False,False,False
synthetic_n2000,constrained,turnover_rate,roe_eat,0.2,0.12858,unsigned_probability,False,False,False,False
synthetic_n2000,constrained,turnover_rate,soc_pillar_score,0.2,0.1323,unsigned_probability,False,False,False,False
synthetic_n2000,constrained,turnover_rate,total_asset,0.2,0.08602,unsigned_probability,False,False,False,False
synthetic_n2000,unconstrained,asset_growth_pct,environmental_fines,0.4,0.36435999999999996,unsigned_probability,False,False,False,False
synthetic_n2000,unconstrained,asset_growth_pct,green_financing_eur,0.2,0.19729999999999998,unsigned_probability,False,False,False,False
synthetic_n2000,unconstrained,asset_growth_pct,overall_esg_score,0.2,0.13244,unsigned_probability,False,False,True,False
synthetic_n2000,unconstrained,asset_growth_pct,pe_ratio,0.2,0.13116,unsigned_probability,False,False,False,False
synthetic_n2000,unconstrained,asset_growth_pct,roa_eat,0.2,0.07866000000000001,unsigned_probability,False,False,False,False
synthetic_n2000,unconstrained,auditor_independence_score,asset_growth_pct,0.2,0.10686,unsigned_probability,False,False,False,False
synthetic_n2000,unconstrained,auditor_independence_score,board_strategy_esg_oversight_score,0.2,0.2057,unsigned_probability,False,False,False,False
synthetic_n2000,unconstrained,auditor_independence_score,corruption_cases,0.4,0.38634,unsigned_probability,False,False,False,False
synthetic_n2000,unconstrained,auditor_independence_score,emission_reduction_policy_score,0.2,0.08296,unsigned_probability,False,False,False,False
synthetic_n2000,unconstrained,auditor_independence_score,gov_pillar_score,0.2,0.17531999999999998,unsigned_probability,False,False,False,False
synthetic_n2000,unconstrained,auditor_independence_score,overall_esg_score,0.2,0.23586000000000001,unsigned_probability,False,False,False,False
synthetic_n2000,unconstrained,auditor_independence_score,scope_1_emissions_tco2e,0.2,0.10128,unsigned_probability,False,False,False,False
synthetic_n2000,unconstrained,board_diversity,auditor_independence_score,0.2,0.0727,unsigned_probability,False,False,False,False
synthetic_n2000,unconstrained,board_diversity,board_strategy_esg_oversight_score,0.2,0.11746000000000001,unsigned_probability,False,False,False,False
synthetic_n2000,unconstrained,board_diversity,debt_to_equity_ratio,0.2,0.11778,unsigned_probability,False,False,False,False
synthetic_n2000,unconstrained,board_diversity,gov_pillar_score,0.2,0.2233,unsigned_probability,False,False,False,False
synthetic_n2000,unconstrained,board_diversity,overall_esg_score,0.4,0.18468,unsigned_probability,False,False,False,False
synthetic_n2000,unconstrained,board_diversity,scope_2_emissions_tco2e,0.2,0.1222,unsigned_probability,False,False,False,False
synthetic_n2000,unconstrained,board_diversity,total_asset,0.2,0.08592000000000001,unsigned_probability,False,False,False,False
synthetic_n2000,unconstrained,board_diversity,turnover_rate,0.2,0.12286000000000001,unsigned_probability,False,False,False,False
synthetic_n2000,unconstrained,board_strategy_esg_oversight_score,asset_growth_pct,0.4,0.2806,unsigned_probability,False,False,False,False
synthetic_n2000,unconstrained,board_strategy_esg_oversight_score,auditor_independence_score,0.4,0.46508000000000005,unsigned_probability,False,False,False,False
synthetic_n2000,unconstrained,board_strategy_esg_oversight_score,corruption_cases,0.4,0.40127999999999997,unsigned_probability,False,False,False,False
synthetic_n2000,unconstrained,board_strategy_esg_oversight_score,customer_satisfaction_score,0.2,0.08866,unsigned_probability,False,False,False,False
synthetic_n2000,unconstrained,board_strategy_esg_oversight_score,gov_pillar_score,0.4,0.27778,unsigned_probability,False,False,False,False
synthetic_n2000,unconstrained,board_strategy_esg_oversight_score,green_financing_eur,0.2,0.10125999999999999,unsigned_probability,False,False,False,False
synthetic_n2000,unconstrained,board_strategy_esg_oversight_score,iso_14001_exists,0.4,0.1331,unsigned_probability,False,False,False,False
synthetic_n2000,unconstrained,board_strategy_esg_oversight_score,roa_eat,0.2,0.1318,unsigned_probability,False,False,False,False
synthetic_n2000,unconstrained,ceo_chair_split,pe_ratio,0.2,0.13579999999999998,unsigned_probability,False,False,False,False
synthetic_n2000,unconstrained,ceo_chair_split,scope_3_emissions_tco2e,0.2,0.11395999999999999,unsigned_probability,False,False,False,False
synthetic_n2000,unconstrained,community_investment_eur,asset_growth_pct,0.2,0.13538,unsigned_probability,False,False,False,False
synthetic_n2000,unconstrained,community_investment_eur,debt_to_equity_ratio,0.2,0.1252,unsigned_probability,False,False,False,False
synthetic_n2000,unconstrained,community_investment_eur,total_asset,0.4,0.36814,unsigned_probability,False,False,False,False
synthetic_n2000,unconstrained,corruption_cases,auditor_independence_score,0.4,0.3054,unsigned_probability,False,False,False,False
synthetic_n2000,unconstrained,corruption_cases,board_strategy_esg_oversight_score,0.6,0.49542,unsigned_probability,True,False,False,False
synthetic_n2000,unconstrained,corruption_cases,ceo_chair_split,0.2,0.1346,unsigned_probability,False,False,False,False
synthetic_n2000,unconstrained,corruption_cases,env_pillar_score,0.2,0.07602,unsigned_probability,False,False,False,False
synthetic_n2000,unconstrained,corruption_cases,gov_pillar_score,0.2,0.10288,unsigned_probability,False,False,False,False
synthetic_n2000,unconstrained,corruption_cases,iso_14001_exists,0.2,0.09476,unsigned_probability,False,False,False,False
synthetic_n2000,unconstrained,customer_satisfaction_score,diversity_representation,0.6,0.39334,unsigned_probability,True,False,False,False
synthetic_n2000,unconstrained,customer_satisfaction_score,injury_frequency_rate,0.2,0.10602000000000003,unsigned_probability,False,False,False,False
synthetic_n2000,unconstrained,customer_satisfaction_score,roa_eat,0.2,0.08308,unsigned_probability,False,False,False,True
synthetic_n2000,unconstrained,customer_satisfaction_score,turnover_rate,0.4,0.19963999999999998,unsigned_probability,False,False,True,False
synthetic_n2000,unconstrained,debt_to_equity_ratio,injury_frequency_rate,0.2,0.09654,unsigned_probability,False,False,False,False
synthetic_n2000,unconstrained,debt_to_equity_ratio,roa_eat,0.4,0.18126,unsigned_probability,False,False,False,False
synthetic_n2000,unconstrained,debt_to_equity_ratio,roe_eat,0.4,0.33184,unsigned_probability,False,False,False,False
synthetic_n2000,unconstrained,debt_to_equity_ratio,total_asset,0.2,0.24162,unsigned_probability,False,False,False,False
synthetic_n2000,unconstrained,debt_to_equity_ratio,total_energy_consumption,0.2,0.15008,unsigned_probability,False,False,False,False
synthetic_n2000,unconstrained,diversity_representation,customer_satisfaction_score,0.2,0.22132000000000002,unsigned_probability,False,False,False,False
synthetic_n2000,unconstrained,diversity_representation,soc_pillar_score,0.2,0.22122000000000003,unsigned_probability,False,False,False,False
synthetic_n2000,unconstrained,emission_reduction_policy_score,asset_growth_pct,0.2,0.22906000000000004,unsigned_probability,False,False,False,False
synthetic_n2000,unconstrained,emission_reduction_policy_score,board_diversity,0.2,0.11822000000000002,unsigned_probability,False,False,True,False
synthetic_n2000,unconstrained,emission_reduction_policy_score,board_strategy_esg_oversight_score,0.2,0.21108,unsigned_probability,False,False,True,False
synthetic_n2000,unconstrained,emission_reduction_policy_score,corruption_cases,0.2,0.15706,unsigned_probability,False,False,False,False
synthetic_n2000,unconstrained,emission_reduction_policy_score,env_pillar_score,0.2,0.22200000000000003,unsigned_probability,False,False,False,False
synthetic_n2000,unconstrained,emission_reduction_policy_score,pe_ratio,0.2,0.20265999999999998,unsigned_probability,False,False,False,False
synthetic_n2000,unconstrained,emission_reduction_policy_score,renewable_energy_share,0.2,0.23120000000000002,unsigned_probability,False,False,False,False
synthetic_n2000,unconstrained,emission_reduction_policy_score,scope_3_emissions_tco2e,0.2,0.1204,unsigned_probability,False,False,False,False
synthetic_n2000,unconstrained,emission_reduction_policy_score,tobins_q,0.4,0.25816,unsigned_probability,False,False,False,False
synthetic_n2000,unconstrained,emission_reduction_policy_score,total_energy_consumption,0.2,0.08482,unsigned_probability,False,False,False,False
synthetic_n2000,unconstrained,env_pillar_score,emission_reduction_policy_score,0.2,0.24316,unsigned_probability,False,False,False,False
synthetic_n2000,unconstrained,env_pillar_score,green_financing_eur,0.2,0.1628,unsigned_probability,False,False,False,False
synthetic_n2000,unconstrained,env_pillar_score,iso_14001_exists,0.4,0.31238,unsigned_probability,False,False,False,False
synthetic_n2000,unconstrained,env_pillar_score,overall_esg_score,0.4,0.32594,unsigned_probability,False,False,False,False
synthetic_n2000,unconstrained,env_pillar_score,pe_ratio,0.2,0.11664,unsigned_probability,False,False,False,False
synthetic_n2000,unconstrained,env_pillar_score,roe_eat,0.2,0.11708000000000003,unsigned_probability,False,False,False,False
synthetic_n2000,unconstrained,env_pillar_score,scope_1_emissions_tco2e,0.4,0.25118,unsigned_probability,False,False,False,False
synthetic_n2000,unconstrained,env_pillar_score,scope_3_emissions_tco2e,0.2,0.26337999999999995,unsigned_probability,False,False,False,False
synthetic_n2000,unconstrained,env_pillar_score,total_asset,0.2,0.2495,unsigned_probability,False,False,False,False
synthetic_n2000,unconstrained,env_pillar_score,total_energy_consumption,0.8,0.46346,unsigned_probability,True,True,False,False
synthetic_n2000,unconstrained,environmental_fines,asset_growth_pct,0.2,0.15404,unsigned_probability,False,False,False,False
synthetic_n2000,unconstrained,environmental_fines,community_investment_eur,0.2,0.10006,unsigned_probability,False,False,False,False
synthetic_n2000,unconstrained,environmental_fines,emission_reduction_policy_score,0.2,0.06714,unsigned_probability,False,False,False,False
synthetic_n2000,unconstrained,environmental_fines,iso_14001_exists,0.6,0.54138,unsigned_probability,True,False,False,False
synthetic_n2000,unconstrained,environmental_fines,overall_esg_score,0.2,0.12874000000000002,unsigned_probability,False,False,False,False
synthetic_n2000,unconstrained,environmental_fines,pe_ratio,0.2,0.17271999999999998,unsigned_probability,False,False,False,False
synthetic_n2000,unconstrained,environmental_fines,roa_eat,0.2,0.21274,unsigned_probability,False,False,False,False
synthetic_n2000,unconstrained,environmental_fines,scope_3_emissions_tco2e,0.2,0.11301999999999998,unsigned_probability,False,False,False,False
synthetic_n2000,unconstrained,environmental_fines,total_asset,0.2,0.11688000000000001,unsigned_probability,False,False,False,False
synthetic_n2000,unconstrained,environmental_fines,turnover_rate,0.2,0.07452,unsigned_probability,False,False,False,False
synthetic_n2000,unconstrained,gov_pillar_score,asset_growth_pct,0.2,0.11942,unsigned_probability,False,False,False,False
synthetic_n2000,unconstrained,gov_pillar_score,auditor_independence_score,0.6,0.35238,unsigned_probability,True,False,False,False
synthetic_n2000,unconstrained,gov_pillar_score,board_diversity,0.4,0.4081,unsigned_probability,False,False,False,False
synthetic_n2000,unconstrained,gov_pillar_score,board_strategy_esg_oversight_score,0.4,0.3578,unsigned_probability,False,False,False,False
synthetic_n2000,unconstrained,gov_pillar_score,ceo_chair_split,0.2,0.22452,unsigned_probability,False,False,False,False
synthetic_n2000,unconstrained,gov_pillar_score,diversity_representation,0.2,0.09092,unsigned_probability,False,False,False,False
synthetic_n2000,unconstrained,gov_pillar_score,green_financing_eur,0.2,0.20734,unsigned_probability,False,False,False,False
synthetic_n2000,unconstrained,gov_pillar_score,overall_esg_score,0.4,0.38732,unsigned_probability,False,False,False,False
synthetic_n2000,unconstrained,gov_pillar_score,pe_ratio,0.4,0.1585,unsigned_probability,False,False,False,False
synthetic_n2000,unconstrained,gov_pillar_score,roa_eat,0.2,0.07382000000000001,unsigned_probability,False,False,False,False
synthetic_n2000,unconstrained,gov_pillar_score,tobins_q,0.2,0.13658,unsigned_probability,False,False,False,False
synthetic_n2000,unconstrained,green_financing_eur,auditor_independence_score,0.2,0.22876,unsigned_probability,False,False,False,False
synthetic_n2000,unconstrained,green_financing_eur,board_strategy_esg_oversight_score,0.2,0.20849999999999996,unsigned_probability,False,False,False,False
synthetic_n2000,unconstrained,green_financing_eur,emission_reduction_policy_score,0.2,0.11542,unsigned_probability,False,False,False,False
synthetic_n2000,unconstrained,green_financing_eur,environmental_fines,0.2,0.11016,unsigned_probability,False,False,False,False
synthetic_n2000,unconstrained,green_financing_eur,iso_14001_exists,0.4,0.24359999999999998,unsigned_probability,False,False,False,False
synthetic_n2000,unconstrained,green_financing_eur,overall_esg_score,0.4,0.3015,unsigned_probability,False,False,False,False
synthetic_n2000,unconstrained,green_financing_eur,renewable_energy_share,0.4,0.4069000000000001,unsigned_probability,False,False,False,False
synthetic_n2000,unconstrained,green_financing_eur,tobins_q,0.2,0.13144,unsigned_probability,False,False,False,False
synthetic_n2000,unconstrained,injury_frequency_rate,customer_satisfaction_score,0.4,0.34552,unsigned_probability,False,False,False,False
synthetic_n2000,unconstrained,injury_frequency_rate,diversity_representation,0.2,0.21939999999999996,unsigned_probability,False,False,False,False
synthetic_n2000,unconstrained,injury_frequency_rate,pe_ratio,0.2,0.10011999999999999,unsigned_probability,False,False,False,False
synthetic_n2000,unconstrained,injury_frequency_rate,roe_eat,0.2,0.14601999999999998,unsigned_probability,False,False,False,False
synthetic_n2000,unconstrained,injury_frequency_rate,scope_1_emissions_tco2e,0.2,0.09576,unsigned_probability,False,False,False,False
synthetic_n2000,unconstrained,injury_frequency_rate,soc_pillar_score,0.4,0.19546000000000002,unsigned_probability,False,False,False,False
synthetic_n2000,unconstrained,injury_frequency_rate,total_asset,0.2,0.13468,unsigned_probability,False,False,False,False
synthetic_n2000,unconstrained,injury_frequency_rate,training_hours,0.4,0.1689,unsigned_probability,False,False,False,False
synthetic_n2000,unconstrained,injury_frequency_rate,turnover_rate,0.4,0.23812000000000003,unsigned_probability,False,False,False,False
synthetic_n2000,unconstrained,iso_14001_exists,gov_pillar_score,0.2,0.10293999999999999,unsigned_probability,False,False,False,False
synthetic_n2000,unconstrained,iso_14001_exists,roe_eat,0.2,0.1385,unsigned_probability,False,False,False,False
synthetic_n2000,unconstrained,iso_14001_exists,scope_2_emissions_tco2e,0.2,0.08030000000000001,unsigned_probability,False,False,False,False
synthetic_n2000,unconstrained,overall_esg_score,asset_growth_pct,0.2,0.16694,unsigned_probability,False,False,False,False
synthetic_n2000,unconstrained,overall_esg_score,board_diversity,0.2,0.17968,unsigned_probability,False,False,True,False
synthetic_n2000,unconstrained,overall_esg_score,corruption_cases,0.2,0.12278,unsigned_probability,False,False,True,False
synthetic_n2000,unconstrained,overall_esg_score,diversity_representation,0.2,0.10868,unsigned_probability,False,False,False,False
synthetic_n2000,unconstrained,overall_esg_score,env_pillar_score,0.2,0.10158,unsigned_probability,False,False,False,False
synthetic_n2000,unconstrained,overall_esg_score,gov_pillar_score,0.6,0.48477999999999993,unsigned_probability,True,False,False,False
synthetic_n2000,unconstrained,overall_esg_score,iso_14001_exists,0.4,0.21204,unsigned_probability,False,False,False,False
synthetic_n2000,unconstrained,overall_esg_score,pe_ratio,0.2,0.16758,unsigned_probability,False,False,False,False
synthetic_n2000,unconstrained,overall_esg_score,soc_pillar_score,0.4,0.11938,unsigned_probability,False,False,False,False
synthetic_n2000,unconstrained,pe_ratio,auditor_independence_score,0.2,0.12632000000000002,unsigned_probability,False,False,False,False
synthetic_n2000,unconstrained,pe_ratio,emission_reduction_policy_score,0.6,0.35866000000000003,unsigned_probability,True,False,False,False
synthetic_n2000,unconstrained,pe_ratio,environmental_fines,0.2,0.0851,unsigned_probability,False,False,False,False
synthetic_n2000,unconstrained,pe_ratio,iso_14001_exists,0.2,0.17326000000000003,unsigned_probability,False,False,False,False
synthetic_n2000,unconstrained,pe_ratio,roa_eat,0.6,0.33796,unsigned_probability,True,False,False,False
synthetic_n2000,unconstrained,pe_ratio,tobins_q,0.4,0.30942000000000003,unsigned_probability,False,False,False,False
synthetic_n2000,unconstrained,renewable_energy_share,emission_reduction_policy_score,0.2,0.15274000000000001,unsigned_probability,False,False,False,False
synthetic_n2000,unconstrained,renewable_energy_share,env_pillar_score,0.4,0.18695999999999996,unsigned_probability,False,False,False,False
synthetic_n2000,unconstrained,renewable_energy_share,iso_14001_exists,0.2,0.11196000000000002,unsigned_probability,False,False,False,False
synthetic_n2000,unconstrained,renewable_energy_share,overall_esg_score,0.2,0.10540000000000001,unsigned_probability,False,False,False,False
synthetic_n2000,unconstrained,renewable_energy_share,pe_ratio,0.2,0.07642,unsigned_probability,False,False,False,False
synthetic_n2000,unconstrained,renewable_energy_share,roa_eat,0.2,0.22746000000000005,unsigned_probability,False,False,False,False
synthetic_n2000,unconstrained,renewable_energy_share,scope_2_emissions_tco2e,0.2,0.1269,unsigned_probability,False,False,False,False
synthetic_n2000,unconstrained,roa_eat,asset_growth_pct,0.6,0.62024,unsigned_probability,True,False,False,False
synthetic_n2000,unconstrained,roa_eat,board_strategy_esg_oversight_score,0.2,0.09464,unsigned_probability,False,False,False,False
synthetic_n2000,unconstrained,roa_eat,environmental_fines,0.2,0.26098,unsigned_probability,False,False,False,False
synthetic_n2000,unconstrained,roa_eat,green_financing_eur,0.2,0.07465999999999999,unsigned_probability,False,False,False,False
synthetic_n2000,unconstrained,roa_eat,iso_14001_exists,0.2,0.16238000000000002,unsigned_probability,False,False,True,False
synthetic_n2000,unconstrained,roa_eat,pe_ratio,0.2,0.20426000000000002,unsigned_probability,False,False,False,False
synthetic_n2000,unconstrained,roa_eat,roe_eat,0.4,0.39168000000000003,unsigned_probability,False,False,False,False
synthetic_n2000,unconstrained,roa_eat,scope_1_emissions_tco2e,0.2,0.08428,unsigned_probability,False,False,True,False
synthetic_n2000,unconstrained,roe_eat,ceo_chair_split,0.2,0.11878,unsigned_probability,False,False,False,False
synthetic_n2000,unconstrained,roe_eat,debt_to_equity_ratio,0.2,0.20192000000000002,unsigned_probability,False,False,False,False
synthetic_n2000,unconstrained,roe_eat,environmental_fines,0.2,0.0966,unsigned_probability,False,False,False,False
synthetic_n2000,unconstrained,roe_eat,roa_eat,0.2,0.1968,unsigned_probability,False,False,False,False
synthetic_n2000,unconstrained,roe_eat,scope_1_emissions_tco2e,0.2,0.13552,unsigned_probability,False,False,True,False
synthetic_n2000,unconstrained,roe_eat,tobins_q,0.2,0.09209999999999999,unsigned_probability,False,False,False,False
synthetic_n2000,unconstrained,roe_eat,total_asset,0.2,0.07182,unsigned_probability,False,False,False,False
synthetic_n2000,unconstrained,scope_1_emissions_tco2e,community_investment_eur,0.2,0.13312,unsigned_probability,False,False,False,False
synthetic_n2000,unconstrained,scope_1_emissions_tco2e,corruption_cases,0.2,0.09362000000000001,unsigned_probability,False,False,False,False
synthetic_n2000,unconstrained,scope_1_emissions_tco2e,customer_satisfaction_score,0.2,0.11498,unsigned_probability,False,False,False,False
synthetic_n2000,unconstrained,scope_1_emissions_tco2e,env_pillar_score,0.2,0.2117,unsigned_probability,False,False,False,False
synthetic_n2000,unconstrained,scope_1_emissions_tco2e,environmental_fines,0.2,0.09516,unsigned_probability,False,False,False,False
synthetic_n2000,unconstrained,scope_1_emissions_tco2e,total_asset,0.2,0.13736,unsigned_probability,False,False,False,False
synthetic_n2000,unconstrained,scope_1_emissions_tco2e,total_energy_consumption,0.4,0.20579999999999998,unsigned_probability,False,False,True,False
synthetic_n2000,unconstrained,scope_2_emissions_tco2e,customer_satisfaction_score,0.2,0.13938,unsigned_probability,False,False,False,False
synthetic_n2000,unconstrained,scope_2_emissions_tco2e,emission_reduction_policy_score,0.4,0.12033999999999997,unsigned_probability,False,False,False,False
synthetic_n2000,unconstrained,scope_2_emissions_tco2e,env_pillar_score,0.2,0.11752,unsigned_probability,False,False,False,False
synthetic_n2000,unconstrained,scope_2_emissions_tco2e,renewable_energy_share,0.2,0.24842000000000003,unsigned_probability,False,False,False,False
synthetic_n2000,unconstrained,scope_2_emissions_tco2e,total_asset,0.4,0.23538,unsigned_probability,False,False,False,False
synthetic_n2000,unconstrained,scope_2_emissions_tco2e,total_energy_consumption,0.2,0.26268,unsigned_probability,False,False,True,False
synthetic_n2000,unconstrained,scope_3_emissions_tco2e,soc_pillar_score,0.2,0.11091999999999999,unsigned_probability,False,False,False,False
synthetic_n2000,unconstrained,soc_pillar_score,customer_satisfaction_score,0.6,0.6062200000000001,unsigned_probability,True,False,False,False
synthetic_n2000,unconstrained,soc_pillar_score,diversity_representation,0.6,0.5990200000000001,unsigned_probability,True,False,False,False
synthetic_n2000,unconstrained,soc_pillar_score,injury_frequency_rate,0.2,0.24966,unsigned_probability,False,False,False,False
synthetic_n2000,unconstrained,soc_pillar_score,overall_esg_score,0.2,0.21874,unsigned_probability,False,False,False,False
synthetic_n2000,unconstrained,tobins_q,ceo_chair_split,0.2,0.20016000000000003,unsigned_probability,False,False,False,False
synthetic_n2000,unconstrained,tobins_q,corruption_cases,0.2,0.29162,unsigned_probability,False,False,False,False
synthetic_n2000,unconstrained,tobins_q,debt_to_equity_ratio,0.4,0.19448000000000001,unsigned_probability,False,False,False,False
synthetic_n2000,unconstrained,tobins_q,emission_reduction_policy_score,0.4,0.37174,unsigned_probability,False,False,False,False
synthetic_n2000,unconstrained,tobins_q,iso_14001_exists,0.2,0.12190000000000001,unsigned_probability,False,False,True,False
synthetic_n2000,unconstrained,tobins_q,pe_ratio,0.6,0.39792,unsigned_probability,True,False,False,False
synthetic_n2000,unconstrained,tobins_q,renewable_energy_share,0.8,0.30406000000000005,unsigned_probability,True,True,False,False
synthetic_n2000,unconstrained,tobins_q,roa_eat,0.2,0.19858,unsigned_probability,False,False,False,False
synthetic_n2000,unconstrained,tobins_q,total_asset,0.2,0.16494,unsigned_probability,False,False,False,False
synthetic_n2000,unconstrained,tobins_q,total_energy_consumption,0.4,0.27798,unsigned_probability,False,False,False,False
synthetic_n2000,unconstrained,total_asset,asset_growth_pct,0.2,0.16687999999999997,unsigned_probability,False,False,False,False
synthetic_n2000,unconstrained,total_asset,community_investment_eur,0.2,0.21105999999999997,unsigned_probability,False,False,False,False
synthetic_n2000,unconstrained,total_asset,debt_to_equity_ratio,0.6,0.34796,unsigned_probability,True,False,False,False
synthetic_n2000,unconstrained,total_asset,scope_1_emissions_tco2e,0.4,0.31838,unsigned_probability,False,False,False,False
synthetic_n2000,unconstrained,total_asset,total_energy_consumption,0.2,0.17316,unsigned_probability,False,False,False,False
synthetic_n2000,unconstrained,total_asset,total_revenue_eur,0.6,0.26844,unsigned_probability,True,False,False,False
synthetic_n2000,unconstrained,total_asset,training_hours,0.4,0.25148000000000004,unsigned_probability,False,False,False,False
synthetic_n2000,unconstrained,total_energy_consumption,asset_growth_pct,0.2,0.09446,unsigned_probability,False,False,False,False
synthetic_n2000,unconstrained,total_energy_consumption,debt_to_equity_ratio,0.2,0.07502,unsigned_probability,False,False,False,False
synthetic_n2000,unconstrained,total_energy_consumption,scope_1_emissions_tco2e,0.2,0.09770000000000001,unsigned_probability,False,False,False,False
synthetic_n2000,unconstrained,total_revenue_eur,asset_growth_pct,0.6,0.42800000000000005,unsigned_probability,True,False,False,False
synthetic_n2000,unconstrained,total_revenue_eur,community_investment_eur,0.2,0.12434,unsigned_probability,False,False,False,False
synthetic_n2000,unconstrained,total_revenue_eur,debt_to_equity_ratio,0.2,0.12922,unsigned_probability,False,False,False,False
synthetic_n2000,unconstrained,total_revenue_eur,injury_frequency_rate,0.2,0.15412,unsigned_probability,False,False,False,False
synthetic_n2000,unconstrained,total_revenue_eur,scope_2_emissions_tco2e,0.2,0.14540000000000003,unsigned_probability,False,False,False,False
synthetic_n2000,unconstrained,total_revenue_eur,total_energy_consumption,0.4,0.2374,unsigned_probability,False,False,False,False
synthetic_n2000,unconstrained,total_revenue_eur,turnover_rate,0.2,0.13327999999999998,unsigned_probability,False,False,False,False
synthetic_n2000,unconstrained,training_hours,ceo_chair_split,0.2,0.10198,unsigned_probability,False,False,False,False
synthetic_n2000,unconstrained,training_hours,community_investment_eur,0.2,0.19484,unsigned_probability,False,False,False,False
synthetic_n2000,unconstrained,training_hours,customer_satisfaction_score,0.4,0.2794,unsigned_probability,False,False,False,False
synthetic_n2000,unconstrained,training_hours,injury_frequency_rate,0.6,0.5825400000000001,unsigned_probability,True,False,False,False
synthetic_n2000,unconstrained,training_hours,roe_eat,0.2,0.12940000000000002,unsigned_probability,False,False,False,False
synthetic_n2000,unconstrained,training_hours,scope_2_emissions_tco2e,0.2,0.09945999999999999,unsigned_probability,False,False,False,False
synthetic_n2000,unconstrained,training_hours,scope_3_emissions_tco2e,0.2,0.09178,unsigned_probability,False,False,False,False
synthetic_n2000,unconstrained,training_hours,soc_pillar_score,0.2,0.11842,unsigned_probability,False,False,False,False
synthetic_n2000,unconstrained,training_hours,total_asset,0.4,0.25673999999999997,unsigned_probability,False,False,False,False
synthetic_n2000,unconstrained,training_hours,turnover_rate,0.6,0.51472,unsigned_probability,True,False,False,False
synthetic_n2000,unconstrained,turnover_rate,customer_satisfaction_score,0.6,0.5677800000000001,unsigned_probability,True,False,False,False
synthetic_n2000,unconstrained,turnover_rate,emission_reduction_policy_score,0.4,0.15664,unsigned_probability,False,False,False,False
synthetic_n2000,unconstrained,turnover_rate,scope_3_emissions_tco2e,0.2,0.0799,unsigned_probability,False,False,False,False
